index,num_conta,cod_cliente,cod_agencia,cod_colaborador,tipo_conta,saldo_total,saldo_disponivel,classificacao,ano_abertura,ano_ultimo_lanc,t_inat,class_inat
0,53,53,1,7,PF,2984.7615,2814.67,média-baixa,2011,2019,2961,inativa
1,190,190,1,7,PF,4262.4322,4191.860000000001,média-baixa,2014,2021,2351,inativa
2,191,191,1,7,PF,3266.567999999999,3080.7099999999987,média-baixa,2013,2016,1266,inativa
3,203,203,1,7,PF,21241.542400000013,19461.56000000001,média,2016,2022,2338,inativa
4,254,254,1,7,PF,13335.696599999996,13197.539999999995,média,2012,2013,422,ativa
5,306,306,1,7,PF,22997.473800000003,21677.880000000005,média,2012,2016,1596,inativa
6,472,472,1,7,PF,4178.4237,4183.68,média-baixa,2022,2022,145,ativa
7,520,520,1,7,PF,1809.8087000000016,1288.5100000000016,média-baixa,2019,2022,1152,moderadamente-ativa
8,739,739,1,7,PF,45.769100000000265,616.7900000000002,baixa,2014,2022,3228,inativa
9,509,509,1,13,PF,19159.795199999997,19863.759999999995,média,2012,2016,1602,inativa
10,688,688,1,13,PF,61105.5635,55917.15,média-alta,2017,2022,1754,inativa
11,775,775,1,13,PF,39008.684,35288.34,média-alta,2011,2021,3751,inativa
12,920,920,1,13,PF,2023.5779999999968,2511.2999999999965,média-baixa,2021,2022,706,moderadamente-ativa
13,954,954,1,13,PF,35545.032199999994,34545.61999999999,média-alta,2012,2020,2898,inativa
14,955,955,1,13,PF,79502.06880000004,80952.72000000003,média-alta,2020,2022,798,moderadamente-ativa
15,170,170,1,14,PF,926.7056000000008,335.3800000000008,baixa,2022,2023,27,ativa
16,218,218,1,14,PF,180027.69259999998,168407.87999999998,alta,2019,2022,1074,moderadamente-ativa
17,555,555,1,14,PF,52691.5446,54240.69,média-alta,2012,2019,2411,inativa
18,741,741,1,14,PF,91849.87459999991,83480.03999999992,alta,2012,2020,3181,inativa
19,751,751,1,14,PF,59.75030000000001,44.86000000000001,baixa,2012,2022,3838,inativa
20,953,953,1,14,PF,1866.7326,1827.75,média-baixa,2015,2022,2758,inativa
21,108,108,1,23,PF,1171.4528000000034,812.5600000000035,baixa,2017,2022,2086,inativa
22,110,110,1,23,PF,11059.761600000003,10208.050000000005,média-baixa,2020,2022,924,moderadamente-ativa
23,242,242,1,23,PF,165102.06389999992,163409.6799999999,alta,2010,2019,3382,inativa
24,528,528,1,23,PF,7243.5916,7380.669999999998,média-baixa,2013,2018,1846,inativa
25,844,844,1,23,PF,20803.9404,20373.14,média,2022,2022,101,ativa
26,888,888,1,23,PF,91067.67659999996,87609.81999999996,alta,2016,2021,1865,inativa
27,171,171,1,24,PF,68520.05990000001,66507.14,média-alta,2022,2022,301,ativa
28,291,291,1,24,PF,40641.12359999999,41016.19999999999,média-alta,2012,2022,3938,
29,481,481,1,24,PF,86.27849999999992,74.5299999999999,baixa,2020,2022,950,moderadamente-ativa
30,564,564,1,24,PF,20584.694199999987,19955.29999999999,média,2015,2017,790,moderadamente-ativa
31,584,584,1,24,PF,1658.1686000000025,1592.7000000000023,média-baixa,2014,2019,1754,inativa
32,635,635,1,24,PF,1534.556500000012,1252.5500000000109,média-baixa,2022,2022,109,ativa
33,116,116,1,30,PF,20992.1828,20458.98,média,2014,2022,2856,inativa
34,153,153,1,30,PF,14581.898099999991,14679.189999999991,média,2014,2019,1696,inativa
35,176,176,1,30,PF,14244.926599999995,12934.409999999996,média,2019,2020,609,ativa
36,199,199,1,30,PF,92338.31459999998,94200.57999999999,alta,2019,2022,1449,inativa
37,207,207,1,30,PF,13029.244800000006,52.13000000000648,baixa,2022,2022,189,ativa
38,275,275,1,30,PF,51431.948399999994,52418.23999999999,média-alta,2020,2022,972,moderadamente-ativa
39,361,361,1,30,PF,16828.82879999998,17483.73999999998,média,2018,2022,1724,inativa
40,701,701,1,30,PF,53.499700000001695,37.57000000000168,baixa,2013,2020,2591,inativa
41,808,808,1,30,PF,33978.82949999999,32308.149999999998,média,2013,2022,3178,inativa
42,910,910,1,30,PF,38140.17900000001,38894.44000000001,média-alta,2011,2018,2555,inativa
43,290,290,1,31,PF,10809.2902,8075.479999999999,média-baixa,2016,2022,2505,inativa
44,451,451,1,31,PF,14880.729600000004,15408.800000000008,média,2011,2013,737,moderadamente-ativa
45,557,557,1,31,PF,2841.3440000000005,2543.8200000000006,média-baixa,2017,2022,1846,inativa
46,617,617,1,31,PF,28163.41999999999,28107.83999999999,média,2016,2017,617,moderadamente-ativa
47,632,632,1,31,PF,15022.800599999991,14852.299999999992,média,2017,2022,1983,inativa
48,740,740,1,31,PF,788.5975999999996,697.9799999999996,baixa,2019,2022,1143,moderadamente-ativa
49,134,134,1,34,PF,19285.300000000003,19263.65,média,2013,2017,1465,inativa
50,410,410,1,34,PF,2612.7907000000005,2608.2900000000004,média-baixa,2019,2022,1348,inativa
51,429,429,1,34,PF,7184.023199999996,5418.259999999997,média-baixa,2015,2022,2773,inativa
52,496,496,1,34,PF,18.424999999999844,78.94999999999986,baixa,2020,2022,1037,moderadamente-ativa
53,631,631,1,34,PF,21223.449599999996,22164.989999999994,média,2010,2014,1262,inativa
54,878,878,1,34,PF,32869.20199999998,34449.169999999984,média-alta,2012,2021,3284,inativa
55,6,6,1,42,PF,14236.26639999999,13407.47999999999,média,2010,2016,2399,inativa
56,620,620,1,42,PF,29814.946500000005,28876.550000000003,média,2010,2014,1318,inativa
57,714,714,1,42,PF,48216.74,43787.35999999999,média-alta,2015,2020,1851,inativa
58,877,877,1,42,PF,125716.2786,126887.95,alta,2013,2019,2290,inativa
59,286,286,1,58,PF,3985.904599999996,2427.579999999996,média-baixa,2021,2022,535,ativa
60,559,559,1,58,PF,31372.237,29533.51,média,2011,2022,4346,
61,911,911,1,58,PF,3545.6639999999943,3563.1999999999944,média-baixa,2011,2022,4116,
62,40,40,1,62,PF,461.3510000000004,164.3100000000003,baixa,2015,2022,2816,inativa
63,90,90,1,62,PF,109727.88199999995,99717.26999999996,alta,2014,2015,589,ativa
64,93,93,1,62,PF,354.4128000000052,270.1800000000054,baixa,2021,2022,428,ativa
65,147,147,1,62,PF,42405.94920000002,41516.750000000015,média-alta,2014,2015,456,ativa
66,486,486,1,62,PF,197.3625000000003,155.7200000000003,baixa,2015,2022,2807,inativa
67,501,501,1,62,PF,232815.7920000001,211636.0400000001,alta,2018,2022,1654,inativa
68,670,670,1,62,PF,42711.761900000005,41331.12,média-alta,2022,2022,66,ativa
69,735,735,1,62,PF,72474.23160000001,67091.37000000001,média-alta,2012,2021,3065,inativa
70,805,805,1,62,PF,4438.540799999998,4510.779999999998,média-baixa,2011,2022,4254,
71,19,19,1,67,PF,2615.3160000000025,2364.850000000002,média-baixa,2019,2022,1181,moderadamente-ativa
72,106,106,1,67,PF,68269.50800000003,71851.76000000001,média-alta,2010,2020,3698,inativa
73,146,146,1,67,PF,10975.191099999996,11304.699999999995,média-baixa,2010,2014,1365,inativa
74,154,154,1,67,PF,81928.2464,78745.64,média-alta,2013,2018,1669,inativa
75,198,198,1,67,PF,7893.017599999994,7802.339999999994,média-baixa,2016,2022,2302,inativa
76,200,200,1,67,PF,3503.0599999999927,2941.4999999999927,média-baixa,2015,2022,2780,inativa
77,260,260,1,67,PF,23435.394300000007,22294.71000000001,média,2013,2022,3149,inativa
78,347,347,1,67,PF,83141.23550000001,87482.30000000002,alta,2011,2015,1548,inativa
79,357,357,1,67,PF,71.38890000000038,21.400000000000382,baixa,2021,2022,536,ativa
80,497,497,1,67,PF,44788.254,45546.6,média-alta,2021,2022,430,ativa
81,598,598,1,67,PF,6940.731599999996,6722.359999999997,média-baixa,2015,2022,2881,inativa
82,715,715,1,67,PF,27057.146300000026,23267.770000000022,média,2018,2022,1471,inativa
83,925,925,1,67,PF,7854.303599999998,7813.65,média-baixa,2014,2022,3094,inativa
84,68,68,1,72,PF,66.69119999999536,54.71999999999517,baixa,2019,2022,1236,inativa
85,195,195,1,72,PF,28846.584000000003,27711.570000000003,média,2011,2015,1487,inativa
86,280,280,1,72,PF,14666.520399999994,13614.039999999994,média,2017,2022,1979,inativa
87,284,284,1,72,PF,42994.116,43554.02999999999,média-alta,2020,2022,1045,moderadamente-ativa
88,604,604,1,72,PF,66821.99049999999,68837.84999999999,média-alta,2022,2022,284,ativa
89,697,697,1,72,PF,1323.3989999999512,1185.809999999952,média-baixa,2013,2016,1329,inativa
90,831,831,1,72,PF,32572.57580000001,31390.160000000003,média,2016,2022,2533,inativa
91,141,141,1,77,PF,8239.799700000001,8311.67,média-baixa,2012,2015,1021,moderadamente-ativa
92,208,208,1,77,PF,99593.4702,101572.38,alta,2013,2016,1174,moderadamente-ativa
93,382,382,1,77,PF,6992.420000000003,6935.260000000002,média-baixa,2010,2017,2577,inativa
94,431,431,1,77,PF,31323.332700000014,31597.66000000001,média,2013,2019,1959,inativa
95,574,574,1,77,PF,11612.546000000002,10535.63,média-baixa,2014,2022,3042,inativa
96,684,684,1,77,PF,14568.495099999996,14689.169999999996,média,2020,2022,1021,moderadamente-ativa
97,717,717,1,77,PF,30082.003200000003,29273.680000000004,média,2015,2020,1826,inativa
98,892,892,1,77,PF,8397.359999999995,7660.1199999999935,média-baixa,2015,2019,1389,inativa
99,145,145,1,79,PF,69766.7927,65137.83000000001,média-alta,2011,2020,3502,inativa
100,152,152,1,79,PF,68.44200000000157,16.22000000000142,baixa,2017,2022,2007,inativa
101,258,258,1,79,PF,14823.2112,14252.92,média,2011,2022,3911,inativa
102,293,293,1,79,PF,34326.80460000002,33578.19000000002,média,2018,2022,1476,inativa
103,473,473,1,79,PF,50851.23390000001,49224.08,média-alta,2016,2020,1737,inativa
104,567,567,1,79,PF,31479.6024,29103.95,média,2011,2015,1583,inativa
105,758,758,1,79,PF,62228.87,56551.49,média-alta,2014,2019,1729,inativa
106,875,875,1,79,PF,33365.150700000006,30866.630000000005,média,2015,2022,2902,inativa
107,989,989,1,79,PF,754.6140000000004,577.4000000000003,baixa,2021,2022,399,ativa
108,119,119,1,83,PF,27043.2783,26165.99,média,2020,2022,1016,moderadamente-ativa
109,186,186,1,83,PF,164.7085999999998,134.1999999999998,baixa,2022,2022,312,ativa
110,231,231,1,83,PF,52988.99720000004,49969.30000000004,média-alta,2012,2017,1690,inativa
111,232,232,1,83,PF,117243.3034,110336.89,alta,2013,2020,2431,inativa
112,243,243,1,83,PF,15640.929999999998,16447.329999999998,média,2017,2022,2032,inativa
113,331,331,1,83,PF,15569.4227,15030.97,média,2012,2022,3750,inativa
114,602,602,1,83,PF,10115.968099999996,9667.709999999997,média-baixa,2018,2021,849,moderadamente-ativa
115,671,671,1,83,PF,8075.951999999995,7551.609999999993,média-baixa,2021,2022,508,ativa
116,804,804,1,83,PF,58103.96340000001,56919.71000000001,média-alta,2011,2016,1795,inativa
117,927,927,1,83,PF,34239.264800000026,33034.49000000003,média,2011,2013,541,ativa
118,938,938,1,83,PF,167.207600000001,116.36000000000104,baixa,2016,2022,2208,inativa
119,42,42,2,12,PF,27615.72,27609.02,média,2013,2022,3204,inativa
120,185,185,2,12,PF,403.0492999999993,393.61999999999927,baixa,2011,2021,3634,inativa
121,415,415,2,12,PF,66837.7112,64200.64,média-alta,2015,2022,2761,inativa
122,504,504,2,12,PF,45917.35829999998,46241.16999999998,média-alta,2015,2022,2808,inativa
123,548,548,2,12,PF,51462.004,47060.44,média-alta,2021,2022,584,ativa
124,23,23,2,15,PF,19605.4353,19299.27,média,2012,2022,3675,inativa
125,55,55,2,15,PF,353.76440000000025,322.2600000000002,baixa,2016,2022,2241,inativa
126,85,85,2,15,PF,55114.8674,10769.580000000002,média-baixa,2010,2022,4451,
127,138,138,2,15,PF,230.13239999999968,116.0499999999997,baixa,2018,2022,1728,inativa
128,188,188,2,15,PF,10111.06130000001,9159.69000000001,média-baixa,2022,2022,48,ativa
129,432,432,2,15,PF,122319.37840000007,115048.84000000004,alta,2011,2022,4264,
130,455,455,2,15,PF,1440.951200000005,1268.5000000000048,média-baixa,2017,2020,1172,moderadamente-ativa
131,517,517,2,15,PF,62271.81750000006,64049.89000000007,média-alta,2020,2022,748,moderadamente-ativa
132,545,545,2,15,PF,20510.215600000003,20524.460000000003,média,2019,2022,1109,moderadamente-ativa
133,621,621,2,15,PF,52509.97999999999,52048.079999999994,média-alta,2015,2022,2772,inativa
134,762,762,2,15,PF,28104.59999999997,27974.59999999997,média,2022,2022,105,ativa
135,168,168,2,22,PF,35959.304999999986,37827.95999999999,média-alta,2012,2022,3485,inativa
136,456,456,2,22,PF,25.758000000000948,12.040000000000893,baixa,2014,2022,2973,inativa
137,505,505,2,22,PF,209128.9260000001,191520.6000000001,alta,2013,2022,3371,inativa
138,566,566,2,22,PF,5737.688000000004,5160.790000000003,média-baixa,2013,2018,1596,inativa
139,666,666,2,22,PF,47389.7522,48308.97000000001,média-alta,2015,2020,1674,inativa
140,750,750,2,22,PF,3848.688399999997,3727.019999999996,média-baixa,2012,2022,3886,inativa
141,768,768,2,22,PF,44919.12599999998,42951.11999999998,média-alta,2019,2022,1347,inativa
142,14,14,2,28,PF,3923.409599999999,3491.479999999999,média-baixa,2014,2022,3048,inativa
143,45,45,2,28,PF,15400.831,13450.8,média,2015,2021,2061,inativa
144,221,221,2,28,PF,2058.9816,2677.19,média-baixa,2016,2022,2325,inativa
145,534,534,2,28,PF,32217.004799999995,33477.579999999994,média,2015,2022,2895,inativa
146,799,799,2,28,PF,128.3256999999996,7.339999999999648,baixa,2021,2022,585,ativa
147,841,841,2,28,PF,35333.462400000004,36788.9,média-alta,2020,2022,986,moderadamente-ativa
148,896,896,2,28,PF,36968.3095,39530.31,média-alta,2018,2022,1654,inativa
149,915,915,2,28,PF,12410.458000000002,12940.120000000004,média,2018,2022,1376,inativa
150,945,945,2,28,PF,48981.1509,49096.21000000001,média-alta,2016,2022,2398,inativa
151,435,435,2,46,PF,41480.0435,40881.44,média-alta,2011,2019,3070,inativa
152,616,616,2,46,PF,16991.020800000002,15969.620000000004,média,2017,2022,1973,inativa
153,661,661,2,46,PF,19.332100000000253,5.350000000000263,baixa,2013,2022,3396,inativa
154,664,664,2,46,PF,17796.98040000001,17333.02000000001,média,2017,2022,1874,inativa
155,667,667,2,46,PF,987.9820000000002,760.3900000000001,baixa,2022,2022,299,ativa
156,766,766,2,46,PF,271.74490000000026,334.3100000000003,baixa,2014,2022,3035,inativa
157,821,821,2,46,PF,38099.7,37024.01,média-alta,2012,2016,1446,inativa
158,36,36,2,56,PF,41929.7528,40313.21,média-alta,2012,2022,3968,
159,46,46,2,56,PF,47538.62399999999,151644.4,alta,2011,2016,1923,inativa
160,277,277,2,56,PF,1408.3783999999982,1263.3899999999985,média-baixa,2013,2017,1581,inativa
161,375,375,2,56,PF,13593.814999999986,12657.899999999983,média,2019,2022,1286,inativa
162,495,495,2,56,PF,29290.9448,28153.49,média,2015,2022,2738,inativa
163,539,539,2,56,PF,17405.555999999997,16455.879999999997,média,2011,2015,1618,inativa
164,744,744,2,56,PF,4711.0281,5493.63,média-baixa,2012,2021,3481,inativa
165,774,774,2,56,PF,206361.4035,196440.97,alta,2018,2022,1632,inativa
166,903,903,2,56,PF,83936.27880000003,84439.77000000003,alta,2020,2022,574,ativa
167,930,930,2,56,PF,16311.089999999998,8241.089999999998,média-baixa,2018,2022,1720,inativa
168,62,62,2,57,PF,6662.318100000003,6390.180000000003,média-baixa,2010,2020,3496,inativa
169,73,73,2,57,PF,2612.7198000000017,2439.8500000000013,média-baixa,2012,2017,1795,inativa
170,94,94,2,57,PF,34545.95549999998,33166.60999999998,média,2011,2022,4130,
171,175,175,2,57,PF,1931.3690000000004,1744.86,média-baixa,2015,2018,883,moderadamente-ativa
172,333,333,2,57,PF,398.66040000000135,263.32000000000124,baixa,2019,2022,1122,moderadamente-ativa
173,677,677,2,57,PF,39346.53060000002,38525.41000000002,média-alta,2018,2022,1639,inativa
174,760,760,2,57,PF,20116.39679999998,20875.569999999985,média,2013,2015,769,moderadamente-ativa
175,801,801,2,57,PF,34040.2118,34583.48,média-alta,2019,2022,1189,moderadamente-ativa
176,905,905,2,57,PF,18219.1695,17267.949999999997,média,2013,2016,1250,inativa
177,990,990,2,57,PF,6317.251199999996,6536.309999999996,média-baixa,2020,2021,611,ativa
178,26,26,2,63,PF,10388.779200000006,10032.940000000006,média-baixa,2012,2021,3107,inativa
179,51,51,2,63,PF,330.5536,305.04,baixa,2022,2022,345,ativa
180,140,140,2,63,PF,140807.6754,117253.54,alta,2015,2022,2879,inativa
181,235,235,2,63,PF,114315.5104,109905.99,alta,2018,2021,1196,moderadamente-ativa
182,383,383,2,63,PF,38945.74079999999,40234.87999999999,média-alta,2017,2018,516,ativa
183,633,633,2,63,PF,16.79930000000043,0.6000000000004135,baixa,2011,2018,2671,inativa
184,4,4,2,65,PF,184007.862,170283.25000000003,alta,2017,2022,2046,inativa
185,27,27,2,65,PF,263.7312,228.68,baixa,2022,2022,234,ativa
186,95,95,2,65,PF,176.30550000000068,253.21000000000063,baixa,2021,2022,463,ativa
187,11,11,2,69,PF,8749.808799999995,8414.479999999996,média-baixa,2010,2022,4430,
188,177,177,2,69,PF,12129.6075,12439.49,média,2022,2022,75,ativa
189,244,244,2,69,PF,22751.98930000001,22071.15000000001,média,2012,2022,3900,inativa
190,251,251,2,69,PF,8907.738000000003,8346.630000000003,média-baixa,2013,2021,2978,inativa
191,468,468,2,69,PF,10007.897200000005,10124.270000000002,média-baixa,2021,2022,490,ativa
192,533,533,2,69,PF,26541.77249999997,24783.64999999997,média,2021,2022,507,ativa
193,759,759,2,69,PF,937.5840000000003,1702.4000000000003,média-baixa,2022,2022,361,ativa
194,919,919,2,69,PF,11549.642999999998,11770.39,média,2014,2018,1416,inativa
195,972,972,2,69,PF,18882.358000000004,17130.820000000003,média,2010,2022,4289,
196,166,166,2,70,PF,124745.6959,122476.89,alta,2014,2021,2252,inativa
197,222,222,2,70,PF,10214.635,10068.5,média-baixa,2014,2017,1176,moderadamente-ativa
198,642,642,2,70,PF,14609.89880000001,14856.86000000001,média,2019,2022,1282,inativa
199,655,655,2,70,PF,74550.7858,70325.65,média-alta,2016,2020,1555,inativa
200,699,699,2,70,PF,24351.57009999999,22299.439999999988,média,2011,2022,4300,
201,700,700,2,70,PF,24760.97400000001,25235.92000000001,média,2017,2022,1850,inativa
202,510,510,2,81,PF,23050.58800000001,20939.23000000001,média,2012,2022,3940,
203,640,640,2,81,PF,151.11360000000008,61.300000000000075,baixa,2020,2022,931,moderadamente-ativa
204,668,668,2,81,PF,2967.7232000000013,918.5800000000014,média-baixa,2015,2022,2859,inativa
205,879,879,2,81,PF,238990.87940000003,231759.98000000004,alta,2013,2019,2252,inativa
206,891,891,2,81,PF,5171.9778000000015,5112.550000000002,média-baixa,2012,2018,2365,inativa
207,913,913,2,81,PF,297.7511999999988,128.34999999999877,baixa,2021,2022,448,ativa
208,75,75,2,96,PF,43845.29979999999,44058.34,média-alta,2011,2022,4136,
209,201,201,2,96,PF,20524.2641,19820.47,média,2021,2022,413,ativa
210,323,323,2,96,PF,3914.170000000004,3800.270000000004,média-baixa,2015,2022,2756,inativa
211,372,372,2,96,PF,25957.564499999982,24630.599999999988,média,2013,2019,2158,inativa
212,425,425,2,96,PF,773.5351,29312.93,média,2021,2022,706,moderadamente-ativa
213,547,547,2,96,PF,24559.998500000005,45922.630000000005,média-alta,2013,2018,1761,inativa
214,623,623,2,96,PF,274.8616000000002,195.38000000000017,baixa,2018,2021,1241,inativa
215,659,659,2,96,PF,43301.91960000001,40067.48,média-alta,2011,2019,2934,inativa
216,797,797,2,96,PF,66.31660000000005,40.060000000000045,baixa,2018,2022,1531,inativa
217,826,826,2,96,PF,3343.123199999999,3376.4299999999994,média-baixa,2017,2019,763,moderadamente-ativa
218,890,890,2,96,PF,91.91260000000293,34.61000000000276,baixa,2013,2022,3204,inativa
219,998,998,2,96,PF,12110.9472,47398.84,média-alta,2013,2016,990,moderadamente-ativa
220,135,135,3,4,PF,7367.596799999995,7665.519999999995,média-baixa,2016,2020,1608,inativa
221,189,189,3,4,PF,3657.9384,2875.48,média-baixa,2021,2022,469,ativa
222,656,656,3,4,PF,30350.7828,30770.779999999995,média,2019,2021,818,moderadamente-ativa
223,814,814,3,4,PF,20261.3382,19025.32,média,2014,2018,1462,inativa
224,876,876,3,4,PF,5137.496099999999,5069.369999999998,média-baixa,2019,2022,1352,inativa
225,895,895,3,4,PF,3191.855400000008,3020.270000000008,média-baixa,2022,2022,137,ativa
226,963,963,3,4,PF,6909.477300000004,6250.550000000002,média-baixa,2022,2022,199,ativa
227,70,70,3,27,PF,108.51049999999992,28940.35,média,2021,2022,680,moderadamente-ativa
228,229,229,3,27,PF,15665.469999999998,15511.599999999997,média,2013,2016,1393,inativa
229,368,368,3,27,PF,12017.386499999982,12075.629999999985,média,2016,2022,2492,inativa
230,376,376,3,27,PF,11668.1467,10745.11,média-baixa,2012,2022,3828,inativa
231,721,721,3,27,PF,1729.3182,1623.7099999999998,média-baixa,2022,2022,165,ativa
232,845,845,3,27,PF,904.8035,477.9500000000001,baixa,2020,2022,744,moderadamente-ativa
233,897,897,3,27,PF,208.5145999999995,156.1499999999995,baixa,2016,2022,2213,inativa
234,21,21,3,37,PF,7250.567999999998,6957.3099999999995,média-baixa,2016,2022,2328,inativa
235,129,129,3,37,PF,40602.261200000015,38336.69000000001,média-alta,2013,2020,2648,inativa
236,212,212,3,37,PF,26933.379200000003,26472.640000000003,média,2021,2022,629,moderadamente-ativa
237,420,420,3,37,PF,10852.621899999998,11170.85,média-baixa,2013,2017,1579,inativa
238,608,608,3,37,PF,28555.18,28544.94,média,2014,2019,1911,inativa
239,767,767,3,37,PF,77102.72960000002,74114.26000000001,média-alta,2019,2022,1108,moderadamente-ativa
240,850,850,3,37,PF,117660.80210000002,107914.04,alta,2013,2018,1840,inativa
241,173,173,3,41,PF,87.43559999999941,536.7199999999993,baixa,2021,2022,596,ativa
242,525,525,3,41,PF,22773.805600000007,20567.89000000001,média,2012,2017,1997,inativa
243,576,576,3,41,PF,1618.4770000000012,1368.4600000000014,média-baixa,2015,2021,1934,inativa
244,582,582,3,41,PF,36087.81210000002,37148.300000000025,média-alta,2013,2022,3599,inativa
245,603,603,3,41,PF,4323.152400000006,4352.130000000007,média-baixa,2018,2022,1714,inativa
246,689,689,3,41,PF,37557.594000000005,34398.15000000001,média-alta,2014,2022,3180,inativa
247,861,861,3,41,PF,3621.6449,3264.96,média-baixa,2018,2022,1534,inativa
248,104,104,3,45,PF,10225.377600000003,10009.550000000005,média-baixa,2018,2022,1821,inativa
249,179,179,3,45,PF,67454.04840000003,66086.48000000003,média-alta,2019,2022,1444,inativa
250,364,364,3,45,PF,19006.89699999999,19977.86999999999,média,2013,2019,1996,inativa
251,371,371,3,45,PF,35852.78140000001,32782.46000000001,média,2012,2022,3677,inativa
252,535,535,3,45,PF,35.272400000001035,24.180000000000945,baixa,2014,2021,2557,inativa
253,800,800,3,45,PF,45523.6656,46356.45,média-alta,2015,2022,2865,inativa
254,840,840,3,45,PF,18951.811499999985,19926.04999999998,média,2013,2022,3614,inativa
255,966,966,3,45,PF,15348.307200000008,15243.720000000008,média,2013,2022,3341,inativa
256,71,71,3,47,PF,16164.536500000006,14842.350000000004,média,2013,2019,2181,inativa
257,162,162,3,47,PF,22674.024800000007,22376.76000000001,média,2012,2016,1470,inativa
258,238,238,3,47,PF,786.881199999999,783.199999999999,baixa,2019,2022,1392,inativa
259,374,374,3,47,PF,71434.55279999998,69922.47999999997,média-alta,2013,2021,2776,inativa
260,430,430,3,47,PF,1546.6709999999994,1451.6799999999994,média-baixa,2013,2019,2033,inativa
261,752,752,3,47,PF,657.9224999999992,538.6499999999992,baixa,2017,2022,1888,inativa
262,778,778,3,47,PF,4988.4286999999995,5373.209999999998,média-baixa,2018,2022,1469,inativa
263,832,832,3,47,PF,56012.785200000006,51659.170000000006,média-alta,2012,2019,2463,inativa
264,863,863,3,47,PF,118.80539999999988,56.559999999999874,baixa,2015,2018,1032,moderadamente-ativa
265,3,3,3,49,PF,25244.4854,24079.04,média,2013,2022,3508,inativa
266,155,155,3,49,PF,57577.009999999995,57526.37999999999,média-alta,2013,2018,1856,inativa
267,523,523,3,49,PF,16025.31,14722.03,média,2013,2015,808,moderadamente-ativa
268,765,765,3,49,PF,291.07760000000025,200.49000000000024,baixa,2019,2022,1312,inativa
269,846,846,3,49,PF,143847.08800000002,130458.18000000002,alta,2013,2022,3366,inativa
270,881,881,3,49,PF,5707.786199999996,5466.5499999999965,média-baixa,2019,2022,1102,moderadamente-ativa
271,886,886,3,49,PF,3586.692199999997,3645.789999999997,média-baixa,2014,2019,1771,inativa
272,909,909,3,74,PF,64506.149500000014,67700.81000000003,média-alta,2019,2022,1421,inativa
273,56,56,3,78,PF,149048.21800000002,139067.40000000002,alta,2022,2022,99,ativa
274,269,269,3,78,PF,15245.684999999998,14424.129999999996,média,2013,2020,2729,inativa
275,325,325,3,78,PF,23586.847,24763.26,média,2014,2017,1161,moderadamente-ativa
276,480,480,3,78,PF,104.97999999999924,11.269999999999255,baixa,2012,2022,3616,inativa
277,507,507,3,78,PF,296.15340000000026,254.4300000000002,baixa,2015,2021,2349,inativa
278,599,599,3,78,PF,161.93659999999943,139.20999999999944,baixa,2020,2022,1081,moderadamente-ativa
279,898,898,3,78,PF,79839.1567,79023.89000000001,média-alta,2013,2018,1838,inativa
280,914,914,3,78,PF,675.8313999999997,650.8599999999997,baixa,2017,2022,1871,inativa
281,43,43,3,88,PF,43388.047999999966,39429.829999999965,média-alta,2016,2022,2308,inativa
282,80,80,3,88,PF,28432.930999999975,29329.999999999975,média,2015,2022,2807,inativa
283,205,205,3,88,PF,28440.02220000001,26009.76000000001,média,2016,2022,2412,inativa
284,373,373,3,88,PF,47371.6908,48268.47000000001,média-alta,2013,2016,1207,moderadamente-ativa
285,419,419,3,88,PF,1444.2595999999996,1153.8499999999997,média-baixa,2013,2022,3530,inativa
286,115,115,3,98,PF,6.474099999999996,82556.41,média-alta,2013,2016,1306,inativa
287,193,193,3,98,PF,9466.416000000003,9226.570000000003,média-baixa,2014,2022,3110,inativa
288,248,248,3,98,PF,919.2544,871.17,baixa,2019,2022,1151,moderadamente-ativa
289,298,298,3,98,PF,106461.8007,99486.45,alta,2012,2019,2541,inativa
290,408,408,3,98,PF,9193.057199999997,8497.309999999994,média-baixa,2021,2022,441,ativa
291,416,416,3,98,PF,35643.506000000016,34907.80000000001,média-alta,2022,2023,14,ativa
292,592,592,3,98,PF,493.4051999999904,427.07999999999055,baixa,2014,2022,2961,inativa
293,866,866,3,98,PF,4.34159999999972,624.8199999999997,baixa,2019,2022,1287,inativa
294,906,906,3,98,PF,25095.490799999992,25725.93999999999,média,2012,2022,3686,inativa
295,960,960,3,98,PF,78171.21,77835.11,média-alta,2014,2020,2015,inativa
296,9,9,4,3,PF,81101.62819999998,75739.06999999998,média-alta,2022,2022,22,ativa
297,39,39,4,3,PF,12353.212799999988,12760.229999999983,média,2022,2022,248,ativa
298,460,460,4,3,PF,4130.975999999998,2982.799999999997,média-baixa,2014,2022,3217,inativa
299,571,571,4,3,PF,469.7516000000012,316.6800000000012,baixa,2018,2022,1807,inativa
300,580,580,4,3,PF,17823.12479999999,17114.16999999999,média,2014,2022,3161,inativa
301,727,727,4,3,PF,2660.2608000000014,1976.6800000000007,média-baixa,2020,2022,667,moderadamente-ativa
302,780,780,4,3,PF,2476.529399999994,2414.309999999994,média-baixa,2018,2022,1476,inativa
303,813,813,4,3,PF,410.8399999999999,202.0699999999999,baixa,2020,2022,854,moderadamente-ativa
304,848,848,4,3,PF,6.086400000000105,26.09000000000011,baixa,2022,2022,76,ativa
305,924,924,4,3,PF,26185.644,23748.1,média,2021,2022,435,ativa
306,943,943,4,3,PF,35595.4542,32521.38,média,2017,2022,1940,inativa
307,5,5,4,32,PF,137649.18999999994,120169.18999999994,alta,2015,2018,1287,inativa
308,49,49,4,32,PF,349.16419999999965,97.48999999999968,baixa,2021,2022,603,ativa
309,148,148,4,32,PF,6451.976199999999,5824.069999999999,média-baixa,2016,2022,2501,inativa
310,187,187,4,32,PF,8302.287000000002,7893.980000000001,média-baixa,2022,2022,296,ativa
311,250,250,4,32,PF,8020.7748,9242.54,média-baixa,2018,2022,1482,inativa
312,279,279,4,32,PF,21046.9824,21497.92,média,2018,2022,1725,inativa
313,356,356,4,32,PF,44776.380000000034,40667.300000000025,média-alta,2014,2022,3061,inativa
314,444,444,4,32,PF,3825.8640000000014,3737.0800000000017,média-baixa,2022,2022,40,ativa
315,467,467,4,32,PF,32232.6802,32091.99,média,2018,2022,1767,inativa
316,615,615,4,32,PF,98888.4733,90717.11,alta,2021,2022,567,ativa
317,638,638,4,32,PF,314.00000000000085,19.700000000000895,baixa,2018,2022,1638,inativa
318,705,705,4,32,PF,7272.482000000004,7395.500000000005,média-baixa,2015,2019,1397,inativa
319,749,749,4,32,PF,45291.66719999999,43485.13999999999,média-alta,2018,2021,999,moderadamente-ativa
320,781,781,4,32,PF,337.701,78.42000000000002,baixa,2014,2022,2863,inativa
321,828,828,4,32,PF,10753.2115,10954.17,média-baixa,2021,2022,370,ativa
322,830,830,4,32,PF,20823.5352,19957.63,média,2018,2022,1813,inativa
323,834,834,4,32,PF,241.1655999999999,179.6499999999999,baixa,2015,2018,1255,inativa
324,923,923,4,32,PF,21432.6196,21785.72,média,2021,2022,603,ativa
325,988,988,4,32,PF,2195.138399999999,2052.749999999998,média-baixa,2021,2022,674,moderadamente-ativa
326,57,57,4,61,PF,698.5659999999996,619.9799999999996,baixa,2017,2022,2065,inativa
327,60,60,4,61,PF,3646.3741999999993,3704.5099999999993,média-baixa,2017,2022,1542,inativa
328,161,161,4,61,PF,7354.644199999997,6742.019999999996,média-baixa,2015,2021,2260,inativa
329,230,230,4,61,PF,8796.049600000004,8269.420000000006,média-baixa,2020,2022,738,moderadamente-ativa
330,252,252,4,61,PF,269.7096000000005,237.1200000000004,baixa,2019,2021,700,moderadamente-ativa
331,322,322,4,61,PF,48224.92949999998,48608.92999999997,média-alta,2014,2019,1703,inativa
332,350,350,4,61,PF,65716.299,66372.28,média-alta,2018,2022,1506,inativa
333,541,541,4,61,PF,80038.6673,82151.29,média-alta,2019,2022,1344,inativa
334,568,568,4,61,PF,78357.2816,74084.73999999996,média-alta,2020,2022,859,moderadamente-ativa
335,575,575,4,61,PF,80964.10140000001,79474.92000000001,média-alta,2015,2022,2523,inativa
336,852,852,4,61,PF,41988.59279999998,42369.57999999998,média-alta,2015,2016,455,ativa
337,970,970,4,61,PF,34423.441499999964,32777.219999999965,média,2021,2022,721,moderadamente-ativa
338,164,164,4,73,PF,6258.363999999998,6164.679999999998,média-baixa,2014,2020,2082,inativa
339,233,233,4,73,PF,30.06220000000009,9.760000000000076,baixa,2014,2019,1589,inativa
340,259,259,4,73,PF,143.9934000000046,102.7700000000045,baixa,2019,2022,1174,moderadamente-ativa
341,304,304,4,73,PF,47188.6454,44492.25,média-alta,2019,2021,612,moderadamente-ativa
342,346,346,4,73,PF,72228.95280000001,66842.31,média-alta,2019,2022,1207,moderadamente-ativa
343,363,363,4,73,PF,5784.426,4613.949999999999,média-baixa,2022,2022,240,ativa
344,366,366,4,73,PF,18102.158200000005,18358.390000000007,média,2014,2022,3128,inativa
345,390,390,4,73,PF,245.61999999999935,301.41999999999933,baixa,2018,2022,1586,inativa
346,448,448,4,73,PF,108585.12,108046.82,alta,2019,2022,1108,moderadamente-ativa
347,515,515,4,73,PF,127.81150000000454,101.63000000000424,baixa,2014,2022,3179,inativa
348,614,614,4,73,PF,17250.890900000006,17057.350000000002,média,2014,2018,1639,inativa
349,624,624,4,73,PF,6263.416800000001,5759.04,média-baixa,2015,2022,2441,inativa
350,703,703,4,73,PF,13916.083199999995,14255.219999999996,média,2015,2020,1862,inativa
351,723,723,4,73,PF,29617.02219999998,27618.219999999976,média,2013,2019,2084,inativa
352,753,753,4,73,PF,13400.350000000006,13211.550000000008,média,2017,2022,1892,inativa
353,776,776,4,73,PF,117.59999999999974,76.57999999999971,baixa,2021,2022,655,moderadamente-ativa
354,798,798,4,73,PF,539.2416000000095,509.95000000000994,baixa,2015,2022,2595,inativa
355,838,838,4,73,PF,20058.3032,19265.34,média,2013,2021,2731,inativa
356,899,899,4,73,PF,8539.36819999999,8294.28999999999,média-baixa,2021,2022,438,ativa
357,934,934,4,73,PF,4177.671299999997,3450.2699999999973,média-baixa,2017,2022,1952,inativa
358,940,940,4,73,PF,7979.810000000007,8178.800000000008,média-baixa,2016,2022,2256,inativa
359,974,974,4,73,PF,1633.7509000000014,1166.8700000000013,média-baixa,2014,2016,859,moderadamente-ativa
360,993,993,4,73,PF,6775.4114999999965,6150.549999999997,média-baixa,2017,2021,1502,inativa
361,102,102,5,5,PF,15506.31009999999,14875.639999999989,média,2015,2022,2861,inativa
362,158,158,5,5,PF,102.45399999999525,60.279999999995674,baixa,2018,2022,1204,moderadamente-ativa
363,312,312,5,5,PF,2990.5535,2843.45,média-baixa,2022,2022,170,ativa
364,532,532,5,5,PF,49694.780000000006,49628.380000000005,média-alta,2021,2022,535,ativa
365,747,747,5,5,PF,505.38600000000105,507.200000000001,baixa,2022,2022,41,ativa
366,180,180,5,9,PF,3046.3190999999974,3004.3299999999977,média-baixa,2022,2022,161,ativa
367,215,215,5,9,PF,45569.01279999997,44209.509999999966,média-alta,2020,2022,993,moderadamente-ativa
368,413,413,5,9,PF,12999.930300000033,13377.540000000034,média,2014,2022,3145,inativa
369,600,600,5,9,PF,2724.0510000000017,2350.110000000001,média-baixa,2021,2022,718,moderadamente-ativa
370,980,980,5,9,PF,5490.924,5758.24,média-baixa,2022,2022,156,ativa
371,1,1,5,10,PF,22473.870000000006,22538.060000000005,média,2014,2022,3045,inativa
372,223,223,5,10,PF,30.260999999999587,12.229999999999622,baixa,2022,2022,12,ativa
373,476,476,5,10,PF,37413.598600000005,34814.880000000005,média-alta,2018,2021,1004,moderadamente-ativa
374,630,630,5,10,PF,799.293,698.3299999999998,baixa,2014,2022,3076,inativa
375,833,833,5,10,PF,16409.372399999993,15424.989999999993,média,2014,2021,2441,inativa
376,157,157,5,21,PF,183979.0378,172773.52999999994,alta,2017,2022,1955,inativa
377,326,326,5,21,PF,35921.447100000005,1284.2900000000154,média-baixa,2018,2022,1679,inativa
378,447,447,5,21,PF,453.5041000000013,396.5300000000013,baixa,2022,2022,296,ativa
379,514,514,5,21,PF,12237.534399999997,11325.959999999995,média-baixa,2021,2022,708,moderadamente-ativa
380,196,196,5,36,PF,34585.58400000002,35985.860000000015,média-alta,2014,2021,2518,inativa
381,343,343,5,36,PF,25938.223500000007,24644.540000000008,média,2021,2022,466,ativa
382,692,692,5,36,PF,34962.180000000015,32166.280000000013,média,2014,2022,3094,inativa
383,987,987,5,36,PF,2148.6800000000026,2159.690000000003,média-baixa,2014,2016,758,moderadamente-ativa
384,328,328,5,43,PF,36948.71099999999,33788.959999999985,média,2017,2019,789,moderadamente-ativa
385,562,562,5,43,PF,1973.9338999999984,1811.4899999999984,média-baixa,2021,2022,531,ativa
386,653,653,5,43,PF,94097.6508,86317.92999999996,alta,2016,2022,2387,inativa
387,817,817,5,43,PF,41127.395399999994,41896.72999999999,média-alta,2021,2022,399,ativa
388,309,309,5,50,PF,14816.409599999995,15334.759999999997,média,2015,2022,2724,inativa
389,516,516,5,50,PF,335.9865000000003,349.4800000000004,baixa,2019,2022,1198,moderadamente-ativa
390,613,613,5,50,PF,18773.48670000001,18763.110000000008,média,2017,2022,1662,inativa
391,810,810,5,50,PF,635.0343000000001,918.39,baixa,2017,2022,2001,inativa
392,939,939,5,50,PF,822.8315999999975,809.3499999999974,baixa,2022,2022,17,ativa
393,975,975,5,50,PF,20.86080000000059,46.71000000000062,baixa,2021,2022,652,moderadamente-ativa
394,192,192,5,52,PF,92644.50240000008,96197.7900000001,alta,2015,2022,2651,inativa
395,450,450,5,52,PF,18485.220000000005,17763.990000000005,média,2019,2022,1339,inativa
396,611,611,5,52,PF,35913.2874,33542.41,média,2019,2022,1241,inativa
397,725,725,5,52,PF,116.37150000000052,20.830000000000496,baixa,2020,2022,1083,moderadamente-ativa
398,651,651,5,55,PF,43605.48670000003,44909.55000000003,média-alta,2016,2021,1866,inativa
399,779,779,5,55,PF,3915.3371,4232.93,média-baixa,2014,2021,2538,inativa
400,837,837,5,55,PF,18181.167299999997,16654.639999999992,média,2014,2020,2261,inativa
401,327,327,5,59,PF,12913.3,12434.7,média,2021,2022,447,ativa
402,388,388,5,59,PF,14348.662200000006,13919.020000000006,média,2017,2022,2139,inativa
403,462,462,5,59,PF,400.80720000000014,340.18000000000006,baixa,2016,2019,1135,moderadamente-ativa
404,485,485,5,59,PF,21129.425199999994,19292.719999999998,média,2017,2022,1748,inativa
405,786,786,5,59,PF,25708.9875,24386.97,média,2019,2022,1439,inativa
406,790,790,5,59,PF,8696.465099999998,8079.569999999997,média-baixa,2014,2021,2636,inativa
407,862,862,5,59,PF,57375.23480000002,54060.360000000015,média-alta,2017,2022,1874,inativa
408,926,926,5,59,PF,58479.77530000001,53607.32000000001,média-alta,2018,2022,1699,inativa
409,370,370,5,60,PF,370.37110000000007,308.99,baixa,2022,2022,174,ativa
410,484,484,5,60,PF,158638.32800000007,148919.10000000003,alta,2021,2022,546,ativa
411,676,676,5,60,PF,7591.3268,6859.660000000001,média-baixa,2016,2018,901,moderadamente-ativa
412,820,820,5,60,PF,4803.103799999996,4043.629999999996,média-baixa,2017,2022,2065,inativa
413,237,237,5,76,PF,230.8293,197.93,baixa,2021,2022,519,ativa
414,340,340,5,76,PF,68771.1128,65285.170000000006,média-alta,2022,2022,317,ativa
415,29,29,5,92,PF,33.39839999999977,26.33999999999976,baixa,2015,2022,2713,inativa
416,72,72,5,92,PF,27508.063000000013,24529.73000000001,média,2019,2022,1362,inativa
417,76,76,5,92,PF,330.3371999999994,294.92999999999944,baixa,2015,2022,2610,inativa
418,127,127,5,92,PF,111063.21579999998,109931.59999999998,alta,2014,2017,1343,inativa
419,234,234,5,92,PF,2649.290600000002,2269.760000000002,média-baixa,2021,2022,662,moderadamente-ativa
420,387,387,5,92,PF,47010.3323,43828.91,média-alta,2014,2022,3247,inativa
421,597,597,5,92,PF,106127.1498,108338.43,alta,2019,2022,1289,inativa
422,405,405,6,2,PF,429.42760000000015,275.2100000000001,baixa,2021,2022,408,ativa
423,440,440,6,2,PF,1333.1343999999997,1062.2599999999993,média-baixa,2022,2022,302,ativa
424,612,612,6,2,PF,12974.969999999994,13553.669999999996,média,2017,2022,2153,inativa
425,870,870,6,2,PF,51333.78499999999,48084.299999999996,média-alta,2017,2022,1819,inativa
426,2,2,6,16,PF,59.27999999999989,12.719999999999883,baixa,2020,2022,1008,moderadamente-ativa
427,33,33,6,16,PF,11565.978,10887.28,média-baixa,2016,2022,2241,inativa
428,64,64,6,16,PF,6246.9720000000025,6501.510000000002,média-baixa,2016,2022,2121,inativa
429,427,427,6,16,PF,8085.9635,7760.45,média-baixa,2019,2022,1110,moderadamente-ativa
430,641,641,6,16,PF,1.3081000000000178,744.27,baixa,2019,2022,1118,moderadamente-ativa
431,856,856,6,16,PF,11790.660800000003,10831.830000000004,média-baixa,2015,2022,2745,inativa
432,889,889,6,16,PF,828.4121000000007,786.3600000000007,baixa,2022,2022,40,ativa
433,24,24,6,17,PF,35486.7548,34541.16,média-alta,2018,2022,1664,inativa
434,172,172,6,17,PF,24099.87310000001,24708.180000000015,média,2020,2022,922,moderadamente-ativa
435,332,332,6,17,PF,85186.3663,83239.81,média-alta,2020,2022,841,moderadamente-ativa
436,578,578,6,17,PF,19177.224,18603.7,média,2021,2022,695,moderadamente-ativa
437,819,819,6,17,PF,54632.650400000006,56789.220000000016,média-alta,2022,2022,150,ativa
438,163,163,6,29,PF,16598.95600000001,15220.770000000008,média,2020,2022,886,moderadamente-ativa
439,169,169,6,29,PF,25114.2021,25729.27,média,2015,2022,2672,inativa
440,365,365,6,29,PF,341020.81510000007,333783.57000000007,alta,2020,2022,1023,moderadamente-ativa
441,449,449,6,29,PF,532.2974999999999,438.38,baixa,2017,2022,1875,inativa
442,706,706,6,29,PF,1624.1472,1231.68,média-baixa,2019,2022,1450,inativa
443,935,935,6,29,PF,327.5135999999998,186.15999999999983,baixa,2018,2022,1744,inativa
444,958,958,6,29,PF,10828.382399999997,8596.759999999997,média-baixa,2018,2022,1535,inativa
445,763,763,6,44,PF,2213.5238000000018,2061.360000000001,média-baixa,2016,2022,2260,inativa
446,107,107,6,53,PF,273.6813000000011,160.81000000000105,baixa,2020,2022,872,moderadamente-ativa
447,211,211,6,53,PF,40789.4506,41996.880000000005,média-alta,2021,2022,660,moderadamente-ativa
448,518,518,6,53,PF,9879.859199999997,9275.919999999993,média-baixa,2015,2022,2644,inativa
449,785,785,6,53,PF,666.8729000000004,524.2000000000003,baixa,2021,2022,655,moderadamente-ativa
450,48,48,6,54,PF,2545.2932,2366.42,média-baixa,2019,2022,1391,inativa
451,452,452,6,54,PF,159474.2364,146962.43,alta,2020,2022,894,moderadamente-ativa
452,643,643,6,54,PF,32.818499999998906,37.669999999998886,baixa,2022,2022,278,ativa
453,381,381,6,66,PF,14217.100299999993,12694.709999999994,média,2016,2022,2236,inativa
454,513,513,6,66,PF,13393.125199999997,13010.519999999997,média,2021,2022,547,ativa
455,742,742,6,66,PF,1612.4084000000005,1498.3300000000002,média-baixa,2019,2022,1293,inativa
456,206,206,6,87,PF,19807.661999999997,19957.399999999998,média,2018,2022,1636,inativa
457,217,217,6,87,PF,1918.2140999999967,1807.4899999999968,média-baixa,2018,2022,1577,inativa
458,316,316,6,87,PF,29712.99839999999,30107.63999999999,média,2018,2022,1801,inativa
459,377,377,6,87,PF,16675.08260000001,15678.090000000007,média,2016,2022,2205,inativa
460,610,610,6,87,PF,1658.4777,1592.91,média-baixa,2020,2022,788,moderadamente-ativa
461,733,733,6,87,PF,340.40400000000017,253.59000000000012,baixa,2020,2022,613,moderadamente-ativa
462,932,932,6,87,PF,11546.252300000002,11282.89,média-baixa,2015,2022,2748,inativa
463,249,249,6,93,PF,715.4993999999994,659.1999999999994,baixa,2019,2022,1436,inativa
464,386,386,6,93,PF,39716.5807,36353.97,média-alta,2018,2020,787,moderadamente-ativa
465,590,590,6,93,PF,33128.77330000001,29602.17,média,2018,2022,1542,inativa
466,720,720,6,93,PF,4125.000000000001,3729.58,média-baixa,2021,2022,646,moderadamente-ativa
467,871,871,6,93,PF,93.7649999999994,31.699999999999363,baixa,2022,2022,129,ativa
468,956,956,6,93,PF,1352.761399999999,842.2899999999988,baixa,2017,2022,1997,inativa
469,35,35,6,97,PF,47696.27940000001,44817.87,média-alta,2015,2022,2549,inativa
470,109,109,6,97,PF,35.217899999999915,21.65999999999992,baixa,2022,2022,289,ativa
471,255,255,6,97,PF,9955.434100000002,9653.13,média-baixa,2022,2022,81,ativa
472,320,320,6,97,PF,37.82790000000088,19.21000000000088,baixa,2017,2022,1952,inativa
473,540,540,6,97,PF,19180.557,18481.9,média,2018,2021,986,moderadamente-ativa
474,15,15,7,20,PF,2647.5973000000063,3218.2900000000054,média-baixa,2022,2022,110,ativa
475,16,16,7,20,PF,2065.3824,2132.85,média-baixa,2018,2022,1714,inativa
476,17,17,7,20,PF,326.407,237.6,baixa,2020,2022,1022,moderadamente-ativa
477,22,22,7,20,PF,161.31949999999952,103.15999999999951,baixa,2020,2022,776,moderadamente-ativa
478,31,31,7,20,PF,21553.245000000003,20280.68,média,2016,2022,2050,inativa
479,52,52,7,20,PF,22026.196199999995,17655.109999999993,média,2022,2022,137,ativa
480,59,59,7,20,PF,796.5504000000003,764.3600000000004,baixa,2017,2022,2041,inativa
481,61,61,7,20,PF,361.85819999999967,241.97999999999968,baixa,2015,2022,2597,inativa
482,74,74,7,20,PF,125.97040000000224,47.8800000000021,baixa,2016,2022,2347,inativa
483,84,84,7,20,PF,36568.15950000001,33313.75000000001,média,2021,2022,589,ativa
484,92,92,7,20,PF,4.742399999999912,96.51999999999992,baixa,2017,2019,907,moderadamente-ativa
485,112,112,7,20,PF,43416.75890000001,42606.490000000005,média-alta,2021,2022,537,ativa
486,114,114,7,20,PF,3760.196,17418.36,média,2022,2022,49,ativa
487,131,131,7,20,PF,36.79830000000035,822.9700000000001,baixa,2022,2022,297,ativa
488,160,160,7,20,PF,723.9304000000003,702.0800000000002,baixa,2019,2022,1154,moderadamente-ativa
489,210,210,7,20,PF,97.45560000000225,67.79000000000212,baixa,2018,2022,1505,inativa
490,220,220,7,20,PF,400725.0288,377919.46,alta,2017,2022,1728,inativa
491,227,227,7,20,PF,9071.866799999998,8827.14,média-baixa,2022,2022,3,ativa
492,239,239,7,20,PF,20825.13719999999,21003.23999999999,média,2017,2022,2038,inativa
493,241,241,7,20,PF,7555.258799999993,6136.9099999999935,média-baixa,2021,2022,671,moderadamente-ativa
494,265,265,7,20,PF,36319.332,34565.509999999995,média-alta,2019,2022,1303,inativa
495,266,266,7,20,PF,25309.069700000004,23006.93,média,2016,2021,1851,inativa
496,270,270,7,20,PF,22222.9195,21620.27,média,2019,2022,1212,inativa
497,285,285,7,20,PF,13532.300699999983,12467.509999999984,média,2017,2022,1972,inativa
498,295,295,7,20,PF,11694.355700000007,11614.690000000008,média,2017,2022,1990,inativa
499,299,299,7,20,PF,47.73780000001832,2.570000000018503,baixa,2022,2022,242,ativa
500,300,300,7,20,PF,368.99280000000016,354.60000000000014,baixa,2021,2022,553,ativa
501,339,339,7,20,PF,24710.686000000005,22194.86,média,2019,2022,1173,moderadamente-ativa
502,351,351,7,20,PF,404.9522000000016,253.86000000000143,baixa,2020,2022,862,moderadamente-ativa
503,353,353,7,20,PF,10744.796000000002,10071.98,média-baixa,2021,2022,436,ativa
504,354,354,7,20,PF,26258.0237,24081.21,média,2020,2022,1039,moderadamente-ativa
505,358,358,7,20,PF,38618.0372,36812.24,média-alta,2019,2022,1386,inativa
506,362,362,7,20,PF,53389.31939999999,51760.47,média-alta,2019,2022,1147,moderadamente-ativa
507,393,393,7,20,PF,14967.477,13695.14,média,2022,2022,64,ativa
508,394,394,7,20,PF,25574.6799,25979.61,média,2016,2022,2083,inativa
509,399,399,7,20,PF,30431.923499999997,28423.389999999992,média,2018,2022,1559,inativa
510,402,402,7,20,PF,57385.86,54610.49,média-alta,2021,2022,533,ativa
511,424,424,7,20,PF,96353.493,88192.7,alta,2022,2022,322,ativa
512,434,434,7,20,PF,324.0639999999999,945.62,média-baixa,2021,2022,464,ativa
513,442,442,7,20,PF,22957.824999999997,20014.449999999997,média,2022,2023,29,ativa
514,446,446,7,20,PF,4383.7946999999995,3850.5299999999984,média-baixa,2015,2022,2349,inativa
515,492,492,7,20,PF,262.4603000000003,239.80000000000024,baixa,2016,2022,2387,inativa
516,499,499,7,20,PF,135452.0335999999,130201.50999999988,alta,2022,2022,52,ativa
517,531,531,7,20,PF,922.636,579.95,baixa,2020,2022,967,moderadamente-ativa
518,544,544,7,20,PF,83742.50999999998,82074.94999999998,média-alta,2018,2022,1392,inativa
519,553,553,7,20,PF,27282.17000000001,26909.570000000007,média,2017,2022,1891,inativa
520,586,586,7,20,PF,85580.4916,84678.16,alta,2021,2022,620,moderadamente-ativa
521,587,587,7,20,PF,45734.2763,21792.21,média,2019,2022,1210,inativa
522,596,596,7,20,PF,766.0956000000015,689.6500000000012,baixa,2022,2022,145,ativa
523,601,601,7,20,PF,55381.3086,50163.84,média-alta,2019,2022,1284,inativa
524,626,626,7,20,PF,27364.747999999992,25670.84999999999,média,2022,2022,157,ativa
525,634,634,7,20,PF,48.62880000000198,21.570000000002,baixa,2021,2022,546,ativa
526,662,662,7,20,PF,25648.756799999985,24995.139999999985,média,2022,2022,16,ativa
527,678,678,7,20,PF,9935.510000000006,9839.710000000003,média-baixa,2016,2021,2015,inativa
528,679,679,7,20,PF,8394.091999999999,8519.33,média-baixa,2019,2022,1269,inativa
529,704,704,7,20,PF,16362.496799999992,15714.769999999991,média,2021,2022,444,ativa
530,712,712,7,20,PF,34828.10070000001,45918.69000000001,média-alta,2019,2022,1292,inativa
531,718,718,7,20,PF,44328.157199999965,40732.589999999975,média-alta,2018,2022,1752,inativa
532,730,730,7,20,PF,29.14919999999682,16.42999999999705,baixa,2019,2022,1337,inativa
533,773,773,7,20,PF,4140.307500000002,3896.8800000000015,média-baixa,2018,2021,1046,moderadamente-ativa
534,789,789,7,20,PF,1840.6232000000016,932.7300000000016,média-baixa,2021,2022,482,ativa
535,829,829,7,20,PF,256.759,106.61999999999998,baixa,2020,2022,988,moderadamente-ativa
536,842,842,7,20,PF,1193.6988,1109.88,média-baixa,2020,2022,819,moderadamente-ativa
537,868,868,7,20,PF,443.1084000000002,407.8700000000002,baixa,2022,2022,28,ativa
538,887,887,7,20,PF,17067.478999999996,15458.459999999995,média,2021,2022,671,moderadamente-ativa
539,900,900,7,20,PF,375.71999999999946,71.91999999999945,baixa,2021,2022,511,ativa
540,952,952,7,20,PF,1104.786000000006,823.3000000000054,baixa,2019,2022,1113,moderadamente-ativa
541,977,977,7,20,PF,1129.5240000000003,1012.65,média-baixa,2018,2022,1335,inativa
542,983,983,7,20,PF,1415.9161999999988,1307.7499999999989,média-baixa,2019,2022,1355,inativa
543,28,28,7,26,PF,52654.357600000025,50324.19000000002,média-alta,2017,2019,965,moderadamente-ativa
544,65,65,7,26,PF,255.2562000000009,208.1500000000008,baixa,2018,2022,1398,inativa
545,67,67,7,26,PF,3343.6211999999973,3092.4599999999973,média-baixa,2018,2022,1564,inativa
546,78,78,7,26,PF,5572.906500000004,5007.530000000003,média-baixa,2019,2022,1099,moderadamente-ativa
547,81,81,7,26,PF,4317.820499999995,4035.6599999999953,média-baixa,2021,2022,635,moderadamente-ativa
548,83,83,7,26,PF,16.119600000000553,9550.960000000001,média-baixa,2021,2022,448,ativa
549,86,86,7,26,PF,140.7049999999999,180.19999999999987,baixa,2016,2022,2490,inativa
550,113,113,7,26,PF,647.6868000000035,30.71000000000322,baixa,2020,2022,1088,moderadamente-ativa
551,118,118,7,26,PF,265.88339999999965,244.5599999999997,baixa,2022,2022,259,ativa
552,144,144,7,26,PF,347.13699999999926,885.0999999999992,baixa,2022,2022,267,ativa
553,183,183,7,26,PF,1028.980000000002,2655.280000000002,média-baixa,2019,2022,893,moderadamente-ativa
554,224,224,7,26,PF,91.82160000000067,32.2900000000006,baixa,2019,2022,1192,moderadamente-ativa
555,245,245,7,26,PF,27657.71840000001,26339.26000000001,média,2018,2022,1658,inativa
556,246,246,7,26,PF,73563.27929999997,74061.32999999997,média-alta,2019,2022,1316,inativa
557,264,264,7,26,PF,1065.2400000000005,946.8000000000004,média-baixa,2020,2022,1016,moderadamente-ativa
558,274,274,7,26,PF,105741.36560000003,101639.81000000004,alta,2018,2022,1597,inativa
559,276,276,7,26,PF,10241.661799999993,9370.809999999994,média-baixa,2021,2022,695,moderadamente-ativa
560,283,283,7,26,PF,12870.349999999997,12935.609999999995,média,2018,2020,492,ativa
561,301,301,7,26,PF,23199.2692,21653.35,média,2015,2018,847,moderadamente-ativa
562,310,310,7,26,PF,6616.230400000003,6132.560000000003,média-baixa,2020,2022,785,moderadamente-ativa
563,317,317,7,26,PF,5980.9133,5950.89,média-baixa,2020,2022,865,moderadamente-ativa
564,342,342,7,26,PF,33695.246300000006,33336.16,média,2018,2022,1684,inativa
565,360,360,7,26,PF,22218.494400000003,20525.77,média,2021,2022,501,ativa
566,385,385,7,26,PF,12044.817399999996,13802.429999999997,média,2018,2022,1604,inativa
567,411,411,7,26,PF,165559.71119999996,158495.12999999998,alta,2022,2022,294,ativa
568,414,414,7,26,PF,6141.765600000006,5669.230000000005,média-baixa,2017,2020,1310,inativa
569,417,417,7,26,PF,11095.682399999996,9982.919999999993,média-baixa,2022,2022,74,ativa
570,421,421,7,26,PF,466.6166999999997,439.0999999999996,baixa,2020,2022,632,moderadamente-ativa
571,433,433,7,26,PF,815.3023,63.930000000000064,baixa,2021,2022,379,ativa
572,437,437,7,26,PF,742.212900000001,608.3100000000011,baixa,2022,2022,63,ativa
573,457,457,7,26,PF,3056.269999999999,2809.969999999999,média-baixa,2017,2022,2019,inativa
574,464,464,7,26,PF,11680.430299999996,10722.869999999994,média-baixa,2021,2022,618,moderadamente-ativa
575,477,477,7,26,PF,1851.4464000000005,1311.3900000000006,média-baixa,2022,2022,132,ativa
576,491,491,7,26,PF,34816.108800000016,36237.31000000002,média-alta,2020,2022,847,moderadamente-ativa
577,498,498,7,26,PF,5685.146599999999,5739.169999999999,média-baixa,2015,2022,2424,inativa
578,506,506,7,26,PF,11257.516799999998,11621.169999999998,média,2017,2022,1859,inativa
579,521,521,7,26,PF,248.54940000000016,146.28000000000017,baixa,2022,2022,108,ativa
580,527,527,7,26,PF,151338.39419999998,142774.91999999998,alta,2015,2022,2462,inativa
581,529,529,7,26,PF,31630.654400000003,29764.67,média,2020,2022,1012,moderadamente-ativa
582,530,530,7,26,PF,11555.8464,11723.3,média,2018,2020,967,moderadamente-ativa
583,550,550,7,26,PF,102824.5968,95089.16,alta,2017,2022,2014,inativa
584,552,552,7,26,PF,31.291399999999705,769.6799999999998,baixa,2018,2022,1656,inativa
585,573,573,7,26,PF,830.5600000000009,498.36000000000087,baixa,2021,2022,597,ativa
586,579,579,7,26,PF,7337.750900000002,6816.7300000000005,média-baixa,2018,2022,1409,inativa
587,581,581,7,26,PF,8627.6124,7873.11,média-baixa,2017,2020,1259,inativa
588,588,588,7,26,PF,6797.460999999995,6144.819999999995,média-baixa,2019,2022,1210,inativa
589,622,622,7,26,PF,2143.1398,1912.43,média-baixa,2018,2022,1801,inativa
590,628,628,7,26,PF,85151.4234,84354.36,alta,2020,2022,905,moderadamente-ativa
591,636,636,7,26,PF,7746.5646000000015,7061.730000000001,média-baixa,2016,2020,1208,inativa
592,637,637,7,26,PF,3806.2207999999982,3668.4499999999994,média-baixa,2017,2021,1596,inativa
593,646,646,7,26,PF,45815.8398,44858.96,média-alta,2018,2022,1597,inativa
594,649,649,7,26,PF,21961.584,22871.31,média,2016,2021,2043,inativa
595,650,650,7,26,PF,7.040600000000772,684.2800000000008,baixa,2022,2022,171,ativa
596,674,674,7,26,PF,235.9670999999997,179.30999999999972,baixa,2021,2022,687,moderadamente-ativa
597,680,680,7,26,PF,55.6890000000008,39.95000000000084,baixa,2016,2022,2264,inativa
598,681,681,7,26,PF,160415.00739999997,90516.73999999996,alta,2018,2022,1621,inativa
599,690,690,7,26,PF,27760.70160000001,28603.20000000001,média,2022,2022,305,ativa
600,691,691,7,26,PF,107912.5686,101404.81,alta,2020,2022,662,moderadamente-ativa
601,716,716,7,26,PF,427.15799999999984,228.03999999999988,baixa,2019,2022,1337,inativa
602,728,728,7,26,PF,19557.7739,20119.83,média,2020,2022,766,moderadamente-ativa
603,737,737,7,26,PF,901.5984,2456.42,média-baixa,2021,2022,700,moderadamente-ativa
604,761,761,7,26,PF,9.26500000000076,1232.1000000000006,média-baixa,2016,2022,2397,inativa
605,771,771,7,26,PF,92428.7395,97788.51000000001,alta,2020,2022,1078,moderadamente-ativa
606,782,782,7,26,PF,35279.73569999998,32124.629999999983,média,2019,2022,1136,moderadamente-ativa
607,783,783,7,26,PF,41501.581000000006,37538.71000000001,média-alta,2015,2019,1204,moderadamente-ativa
608,794,794,7,26,PF,996.407400000001,938.790000000001,média-baixa,2019,2022,1141,moderadamente-ativa
609,807,807,7,26,PF,50704.85849999996,51891.34999999996,média-alta,2022,2022,155,ativa
610,836,836,7,26,PF,419.59170000000006,370.66,baixa,2022,2022,129,ativa
611,849,849,7,26,PF,5047.4802000000045,5126.2900000000045,média-baixa,2021,2022,573,ativa
612,864,864,7,26,PF,12665.790000000008,13352.690000000008,média,2017,2022,1713,inativa
613,902,902,7,26,PF,1374.980399999999,1311.139999999999,média-baixa,2018,2022,1748,inativa
614,912,912,7,26,PF,23870.487500000025,24429.250000000025,média,2020,2022,896,moderadamente-ativa
615,941,941,7,26,PF,272.6360000000003,47.30000000000027,baixa,2022,2022,222,ativa
616,946,946,7,26,PF,379.39200000000113,239.8000000000011,baixa,2016,2022,2487,inativa
617,968,968,7,26,PF,170.82479999999958,96.0199999999996,baixa,2018,2022,1793,inativa
618,971,971,7,26,PF,18364.652800000003,16534.760000000002,média,2021,2022,686,moderadamente-ativa
619,979,979,7,26,PF,33568.8063,30770.18,média,2018,2022,1685,inativa
620,981,981,7,26,PF,824.6600000000002,328.6600000000002,baixa,2021,2022,472,ativa
621,982,982,7,26,PF,92.57279999999427,29.59999999999404,baixa,2019,2022,1130,moderadamente-ativa
622,984,984,7,26,PF,9173.723400000015,8208.760000000013,média-baixa,2016,2022,2205,inativa
623,991,991,7,26,PF,14.081199999998848,3.5299999999989207,baixa,2019,2022,1414,inativa
624,995,995,7,26,PF,872.1574,801.7199999999998,baixa,2021,2022,692,moderadamente-ativa
625,996,996,7,26,PF,37556.4187,34524.92999999999,média-alta,2017,2022,2138,inativa
626,997,997,7,26,PF,88.69000000000062,84.08000000000064,baixa,2020,2022,769,moderadamente-ativa
627,8,8,7,48,PF,1238.663,1054.95,média-baixa,2021,2022,504,ativa
628,18,18,7,48,PF,226548.6288,217787.98,alta,2021,2022,530,ativa
629,54,54,7,48,PF,30239.91510000001,30255.810000000005,média,2017,2022,1938,inativa
630,77,77,7,48,PF,415.6119000000001,349.81000000000006,baixa,2019,2022,1427,inativa
631,87,87,7,48,PF,35777.783999999985,34063.459999999985,média-alta,2020,2022,905,moderadamente-ativa
632,97,97,7,48,PF,46143.0942,46508.29,média-alta,2021,2022,458,ativa
633,105,105,7,48,PF,34360.52540000001,32440.67000000001,média,2018,2022,1494,inativa
634,124,124,7,48,PF,2933.2446,2862.07,média-baixa,2021,2022,643,moderadamente-ativa
635,130,130,7,48,PF,487.2300000000004,729.1300000000003,baixa,2019,2022,1140,moderadamente-ativa
636,139,139,7,48,PF,437.80949999999933,401.64999999999935,baixa,2016,2022,2229,inativa
637,143,143,7,48,PF,2958.5999999999985,2772.5999999999985,média-baixa,2020,2022,985,moderadamente-ativa
638,149,149,7,48,PF,21311.996100000004,19341.19,média,2020,2022,917,moderadamente-ativa
639,178,178,7,48,PF,24518.92340000001,23767.600000000013,média,2020,2022,895,moderadamente-ativa
640,197,197,7,48,PF,198787.40279999992,181219.00999999992,alta,2020,2022,824,moderadamente-ativa
641,202,202,7,48,PF,19693.7832,17714.929999999997,média,2016,2022,2442,inativa
642,216,216,7,48,PF,75578.50199999998,74679.16999999998,média-alta,2019,2022,1120,moderadamente-ativa
643,226,226,7,48,PF,30179.9745,27655.509999999995,média,2017,2022,2175,inativa
644,228,228,7,48,PF,78851.93800000001,82933.80000000002,média-alta,2022,2022,300,ativa
645,271,271,7,48,PF,72928.57199999996,71467.53999999996,média-alta,2020,2022,757,moderadamente-ativa
646,297,297,7,48,PF,925.8808,879.13,baixa,2018,2020,587,ativa
647,307,307,7,48,PF,95.07240000000164,72.7200000000015,baixa,2017,2022,2148,inativa
648,319,319,7,48,PF,62237.17899999999,64114.91999999999,média-alta,2021,2022,498,ativa
649,341,341,7,48,PF,9032.979999999996,7595.999999999996,média-baixa,2016,2022,2452,inativa
650,352,352,7,48,PF,25597.9395,24148.989999999994,média,2022,2022,207,ativa
651,380,380,7,48,PF,28308.879000000008,29778.26000000001,média,2015,2022,2622,inativa
652,389,389,7,48,PF,101.14829999999976,98.43999999999976,baixa,2021,2022,381,ativa
653,398,398,7,48,PF,87.63600000000042,71.32000000000038,baixa,2022,2022,317,ativa
654,418,418,7,48,PF,26645.938800000004,27003.540000000005,média,2016,2021,1776,inativa
655,422,422,7,48,PF,188.42829999999984,101.75999999999983,baixa,2022,2022,32,ativa
656,438,438,7,48,PF,11894.958400000003,10485.760000000004,média-baixa,2017,2022,1996,inativa
657,459,459,7,48,PF,124.78999999999982,74.02999999999983,baixa,2019,2022,1042,moderadamente-ativa
658,479,479,7,48,PF,328.5682000000004,290.31000000000034,baixa,2022,2022,94,ativa
659,487,487,7,48,PF,32798.233800000016,30920.12000000001,média,2019,2022,1270,inativa
660,490,490,7,48,PF,3991.060000000001,3463.560000000001,média-baixa,2021,2022,570,ativa
661,500,500,7,48,PF,11679.789599999984,10787.499999999984,média-baixa,2016,2018,482,ativa
662,537,537,7,48,PF,6522.8415,6180.000000000001,média-baixa,2020,2022,1061,moderadamente-ativa
663,543,543,7,48,PF,4106.559600000007,3765.360000000006,média-baixa,2017,2022,2003,inativa
664,549,549,7,48,PF,1106.7705,609.1500000000001,baixa,2019,2021,731,moderadamente-ativa
665,554,554,7,48,PF,20.3055999999989,187.91999999999888,baixa,2022,2022,210,ativa
666,577,577,7,48,PF,17829.86780000001,16712.74000000001,média,2016,2020,1410,inativa
667,606,606,7,48,PF,1239.81,1161.93,média-baixa,2021,2022,559,ativa
668,625,625,7,48,PF,10787.116999999998,9793.869999999997,média-baixa,2021,2022,720,moderadamente-ativa
669,647,647,7,48,PF,143.43000000000015,118.65000000000012,baixa,2018,2021,1054,moderadamente-ativa
670,685,685,7,48,PF,56057.10600000001,53350.32,média-alta,2021,2022,670,moderadamente-ativa
671,687,687,7,48,PF,44954.049000000006,42763.73,média-alta,2021,2022,380,ativa
672,698,698,7,48,PF,52949.88400000002,49952.45000000002,média-alta,2018,2022,1598,inativa
673,710,710,7,48,PF,3706.825500000003,3069.4100000000026,média-baixa,2019,2022,1189,moderadamente-ativa
674,732,732,7,48,PF,26142.373000000007,26741.500000000007,média,2018,2022,1617,inativa
675,755,755,7,48,PF,48347.008400000006,45095.630000000005,média-alta,2019,2022,1312,inativa
676,756,756,7,48,PF,11326.051199999998,11697.769999999997,média,2021,2022,713,moderadamente-ativa
677,769,769,7,48,PF,3666.8721,3430.07,média-baixa,2017,2022,2060,inativa
678,787,787,7,48,PF,109334.01150000002,103374.03,alta,2017,2022,1906,inativa
679,796,796,7,48,PF,5281.922400000003,5077.3200000000015,média-baixa,2019,2022,1118,moderadamente-ativa
680,802,802,7,48,PF,32374.373400000004,29643.65,média,2015,2019,1225,inativa
681,824,824,7,48,PF,18454.70589999999,19004.62999999999,média,2016,2017,490,ativa
682,839,839,7,48,PF,14016.338000000009,14495.29000000001,média,2017,2019,1005,moderadamente-ativa
683,855,855,7,48,PF,48777.10759999999,44463.939999999995,média-alta,2017,2022,2133,inativa
684,880,880,7,48,PF,20335.09320000001,18485.37000000001,média,2017,2022,2033,inativa
685,883,883,7,48,PF,29382.132000000005,28322.770000000004,média,2015,2017,604,ativa
686,937,937,7,48,PF,1659.4314999999976,1094.9699999999975,média-baixa,2022,2022,196,ativa
687,967,967,7,48,PF,62645.7786,61092.73,média-alta,2016,2021,1896,inativa
688,37,37,7,64,PF,352.04000000000065,328.2600000000006,baixa,2022,2022,180,ativa
689,47,47,7,64,PF,37349.644499999995,35527.58999999999,média-alta,2021,2022,387,ativa
690,82,82,7,64,PF,2813.932000000004,2530.1000000000035,média-baixa,2019,2021,578,ativa
691,89,89,7,64,PF,69758.35999999997,71055.32999999997,média-alta,2021,2022,490,ativa
692,103,103,7,64,PF,38172.34589999998,49975.52999999998,média-alta,2018,2022,1675,inativa
693,126,126,7,64,PF,57292.045200000015,52158.79000000001,média-alta,2017,2022,1759,inativa
694,142,142,7,64,PF,229.98999999999984,370.29999999999984,baixa,2021,2022,451,ativa
695,165,165,7,64,PF,9170.933,8355.740000000003,média-baixa,2020,2022,1072,moderadamente-ativa
696,167,167,7,64,PF,132218.80940000003,121260.38000000002,alta,2021,2022,495,ativa
697,213,213,7,64,PF,60366.02030000002,55301.670000000006,média-alta,2019,2022,1230,inativa
698,225,225,7,64,PF,419923.1778,411617.06,alta,2020,2022,864,moderadamente-ativa
699,240,240,7,64,PF,6642.557900000001,6437.990000000001,média-baixa,2021,2022,653,moderadamente-ativa
700,261,261,7,64,PF,40119.07859999999,38945.42999999999,média-alta,2015,2022,2657,inativa
701,263,263,7,64,PF,14228.49259999999,14502.429999999988,média,2017,2022,1829,inativa
702,267,267,7,64,PF,15860.1976,15184.19,média,2022,2022,109,ativa
703,289,289,7,64,PF,392.81120000000016,392.94000000000017,baixa,2022,2022,18,ativa
704,292,292,7,64,PF,134384.26400000002,141742.22000000003,alta,2015,2022,2633,inativa
705,294,294,7,64,PF,52858.188899999994,53347.529999999984,média-alta,2021,2022,596,ativa
706,302,302,7,64,PF,47083.89599999999,43163.69999999999,média-alta,2017,2021,1771,inativa
707,303,303,7,64,PF,59.479200000000006,31.210000000000008,baixa,2017,2021,1460,inativa
708,315,315,7,64,PF,15067.777299999996,14528.579999999996,média,2022,2022,10,ativa
709,329,329,7,64,PF,22775.0598,18148.49,média,2019,2022,1284,inativa
710,379,379,7,64,PF,1110.2640999999987,873.5999999999988,baixa,2021,2022,676,moderadamente-ativa
711,412,412,7,64,PF,299.2528000000005,233.56000000000049,baixa,2020,2022,759,moderadamente-ativa
712,423,423,7,64,PF,7737.602700000001,7639.310000000001,média-baixa,2017,2022,1813,inativa
713,441,441,7,64,PF,23947.12320000001,24571.72000000001,média,2019,2022,1304,inativa
714,454,454,7,64,PF,1612.0416,1266.84,média-baixa,2022,2022,108,ativa
715,461,461,7,64,PF,472.88340000000017,285.2600000000002,baixa,2021,2022,657,moderadamente-ativa
716,482,482,7,64,PF,67872.97000000002,67382.17000000001,média-alta,2019,2022,1221,inativa
717,538,538,7,64,PF,2676.2988,2429.12,média-baixa,2022,2022,35,ativa
718,542,542,7,64,PF,275.72999999999973,249.03999999999976,baixa,2022,2022,211,ativa
719,546,546,7,64,PF,134.73899999999657,83.89999999999687,baixa,2019,2022,1112,moderadamente-ativa
720,551,551,7,64,PF,30963.524400000013,28648.37000000001,média,2018,2022,1749,inativa
721,558,558,7,64,PF,359.55999999999983,148.95999999999984,baixa,2021,2022,493,ativa
722,565,565,7,64,PF,4723.793400000009,4450.350000000009,média-baixa,2016,2022,2375,inativa
723,570,570,7,64,PF,1634.6440000000002,1530.2000000000005,média-baixa,2021,2022,380,ativa
724,595,595,7,64,PF,244085.1255,251588.81,alta,2016,2019,1020,moderadamente-ativa
725,657,657,7,64,PF,76149.84000000001,75325.04,média-alta,2020,2022,1028,moderadamente-ativa
726,673,673,7,64,PF,92837.58699999998,86746.65999999997,alta,2016,2022,2170,inativa
727,686,686,7,64,PF,9942.368399999998,9726.469999999998,média-baixa,2021,2022,582,ativa
728,702,702,7,64,PF,26386.725699999988,26892.409999999985,média,2017,2022,2044,inativa
729,709,709,7,64,PF,111450.85120000002,107095.24000000002,alta,2018,2022,1573,inativa
730,722,722,7,64,PF,13669.026999999996,13064.999999999996,média,2018,2022,1688,inativa
731,738,738,7,64,PF,17755.95830000001,16268.020000000006,média,2018,2022,1472,inativa
732,746,746,7,64,PF,6437.875199999994,6676.279999999995,média-baixa,2021,2022,489,ativa
733,754,754,7,64,PF,1251.1583999999991,810.2799999999991,baixa,2022,2022,14,ativa
734,757,757,7,64,PF,7591.24,7573.15,média-baixa,2016,2022,2211,inativa
735,792,792,7,64,PF,40346.72699999998,38036.239999999976,média-alta,2018,2022,1482,inativa
736,818,818,7,64,PF,40853.20139999999,41083.45999999999,média-alta,2021,2022,600,ativa
737,851,851,7,64,PF,182.17919999999967,152.00999999999974,baixa,2022,2022,241,ativa
738,857,857,7,64,PF,1985.6648999999993,1836.7099999999991,média-baixa,2017,2022,2055,inativa
739,865,865,7,64,PF,11394.444499999992,11738.349999999991,média,2019,2022,1333,inativa
740,873,873,7,64,PF,179.77120000000374,171.20000000000385,baixa,2021,2022,584,ativa
741,874,874,7,64,PF,187.6128000000005,67.71000000000055,baixa,2021,2022,404,ativa
742,917,917,7,64,PF,2074.121299999996,1890.9999999999964,média-baixa,2016,2022,2417,inativa
743,928,928,7,64,PF,1453.0847999999992,1108.9299999999992,média-baixa,2022,2023,23,ativa
744,936,936,7,64,PF,95650.12859999997,98589.37999999996,alta,2017,2021,1580,inativa
745,951,951,7,64,PF,5283.156599999999,1806.9099999999985,média-baixa,2018,2021,898,moderadamente-ativa
746,957,957,7,64,PF,14387.0916,13140.679999999998,média,2020,2022,872,moderadamente-ativa
747,973,973,7,64,PF,3776.5786000000016,3691.8800000000015,média-baixa,2020,2022,735,moderadamente-ativa
748,992,992,7,64,PF,2219.0099999999998,2138.159999999999,média-baixa,2020,2022,1047,moderadamente-ativa
749,994,994,7,64,PF,19719.414,19764.44,média,2015,2022,2584,inativa
750,7,7,7,84,PF,98.6544000000009,23.430000000000856,baixa,2018,2022,1570,inativa
751,98,98,7,84,PF,110694.89189999996,103238.16999999995,alta,2018,2019,653,moderadamente-ativa
752,100,100,7,84,PF,26815.902,25875.000000000004,média,2017,2022,2121,inativa
753,117,117,7,84,PF,61939.956899999976,61304.339999999975,média-alta,2022,2022,190,ativa
754,122,122,7,84,PF,24.674199999999967,11.879999999999972,baixa,2016,2019,869,moderadamente-ativa
755,128,128,7,84,PF,8.598600000002754,264.7300000000027,baixa,2018,2022,1682,inativa
756,133,133,7,84,PF,264.91360000000066,163.9500000000006,baixa,2022,2023,24,ativa
757,137,137,7,84,PF,67907.37060000004,62273.860000000015,média-alta,2017,2022,2167,inativa
758,150,150,7,84,PF,30578.58299999999,29116.16999999999,média,2021,2022,420,ativa
759,151,151,7,84,PF,29082.29779999999,27325.62999999999,média,2018,2022,1590,inativa
760,159,159,7,84,PF,435.89519999999953,410.8099999999996,baixa,2022,2022,189,ativa
761,174,174,7,84,PF,23287.878,21444.25,média,2017,2022,1972,inativa
762,181,181,7,84,PF,32738.63240000001,30918.080000000005,média,2021,2022,569,ativa
763,204,204,7,84,PF,7630.231,7643.5,média-baixa,2021,2022,672,moderadamente-ativa
764,247,247,7,84,PF,92174.67920000003,85291.46000000002,alta,2019,2022,1253,inativa
765,256,256,7,84,PF,3.880000000000162,494.70000000000016,baixa,2020,2022,918,moderadamente-ativa
766,262,262,7,84,PF,78324.90000000001,78285.28000000001,média-alta,2019,2022,1168,moderadamente-ativa
767,272,272,7,84,PF,185905.51350000003,177022.98,alta,2021,2022,491,ativa
768,281,281,7,84,PF,1034.3500000000004,669.5500000000004,baixa,2016,2022,2377,inativa
769,296,296,7,84,PF,14857.754400000009,12292.180000000006,média,2016,2022,2218,inativa
770,311,311,7,84,PF,2741.6503000000007,1066.0900000000008,média-baixa,2021,2022,442,ativa
771,318,318,7,84,PF,49763.06999999999,49705.31999999999,média-alta,2017,2022,2124,inativa
772,330,330,7,84,PF,25535.142000000014,23786.800000000017,média,2022,2022,201,ativa
773,334,334,7,84,PF,20727.579999999994,20722.599999999995,média,2016,2022,2274,inativa
774,349,349,7,84,PF,28053.58899999999,26634.399999999987,média,2019,2022,1452,inativa
775,406,406,7,84,PF,4672.454400000001,4835.910000000004,média-baixa,2017,2022,1952,inativa
776,439,439,7,84,PF,1.2210000000003394,4032.210000000001,média-baixa,2019,2022,1321,inativa
777,478,478,7,84,PF,36880.0032,38096.67,média-alta,2022,2022,210,ativa
778,489,489,7,84,PF,230.9075999999998,139.4699999999998,baixa,2019,2022,1243,inativa
779,493,493,7,84,PF,17359.5204,15370.330000000002,média,2017,2022,1837,inativa
780,494,494,7,84,PF,353.71199999999976,308.3699999999998,baixa,2019,2022,1211,inativa
781,508,508,7,84,PF,14898.659999999994,14102.079999999993,média,2019,2022,1322,inativa
782,519,519,7,84,PF,797.4624000000001,187.19000000000028,baixa,2021,2022,471,ativa
783,536,536,7,84,PF,457.3550000000001,1236.6,média-baixa,2020,2022,751,moderadamente-ativa
784,561,561,7,84,PF,9182.990700000008,8913.970000000007,média-baixa,2019,2022,1251,inativa
785,572,572,7,84,PF,26.10800000000024,5.730000000000221,baixa,2021,2022,464,ativa
786,589,589,7,84,PF,74008.7239,71872.79999999999,média-alta,2018,2020,630,moderadamente-ativa
787,593,593,7,84,PF,56788.44629999999,57631.09,média-alta,2019,2022,1447,inativa
788,607,607,7,84,PF,1963.9691999999995,1855.39,média-baixa,2015,2018,1009,moderadamente-ativa
789,618,618,7,84,PF,11413.906399999996,10896.789999999995,média-baixa,2018,2020,516,ativa
790,627,627,7,84,PF,143.33550000000008,11.61000000000007,baixa,2020,2022,745,moderadamente-ativa
791,645,645,7,84,PF,296.4416999999995,270.0899999999995,baixa,2022,2022,220,ativa
792,658,658,7,84,PF,10623.523400000002,10255.330000000002,média-baixa,2017,2019,955,moderadamente-ativa
793,660,660,7,84,PF,64380.38879999997,61857.219999999965,média-alta,2022,2022,63,ativa
794,663,663,7,84,PF,318.79119999999983,209.44999999999985,baixa,2020,2022,891,moderadamente-ativa
795,682,682,7,84,PF,20.308200000000344,225.71000000000032,baixa,2020,2022,807,moderadamente-ativa
796,695,695,7,84,PF,18491.938500000007,17175.37000000001,média,2021,2022,621,moderadamente-ativa
797,708,708,7,84,PF,959.208000000008,770.500000000008,baixa,2020,2022,838,moderadamente-ativa
798,729,729,7,84,PF,267.79119999999995,223.20999999999992,baixa,2020,2022,860,moderadamente-ativa
799,734,734,7,84,PF,1021.1031999999918,953.189999999992,média-baixa,2020,2022,865,moderadamente-ativa
800,745,745,7,84,PF,24507.8028,22446.31,média,2017,2022,2077,inativa
801,803,803,7,84,PF,71217.55220000002,67168.87000000001,média-alta,2021,2022,407,ativa
802,822,822,7,84,PF,238.97000000000008,212.94000000000003,baixa,2022,2023,19,ativa
803,827,827,7,84,PF,107556.2928,99308.13,alta,2022,2022,67,ativa
804,860,860,7,84,PF,41005.77479999997,37774.10999999997,média-alta,2021,2022,623,moderadamente-ativa
805,882,882,7,84,PF,12488.900000000012,12478.81000000001,média,2020,2022,830,moderadamente-ativa
806,884,884,7,84,PF,13113.031999999988,12932.069999999989,média,2017,2022,1971,inativa
807,893,893,7,84,PF,310.48,298.54,baixa,2022,2022,163,ativa
808,929,929,7,84,PF,34456.312800000014,32992.26000000002,média,2019,2022,1355,inativa
809,942,942,7,84,PF,48.257500000001485,292.6500000000015,baixa,2015,2021,2103,inativa
810,944,944,7,84,PF,18246.871800000008,16570.43000000001,média,2020,2022,965,moderadamente-ativa
811,948,948,7,84,PF,22981.421399999992,23251.52999999999,média,2016,2022,2287,inativa
812,959,959,7,84,PF,9579.724000000002,10044.110000000002,média-baixa,2022,2022,205,ativa
813,964,964,7,84,PF,938.7000000000008,17.600000000000705,baixa,2021,2022,553,ativa
814,969,969,7,84,PF,19705.8364,19084.52,média,2020,2022,803,moderadamente-ativa
815,986,986,7,84,PF,3674.6115000000023,3468.330000000002,média-baixa,2016,2019,1092,moderadamente-ativa
816,999,999,7,84,PF,18697.456800000007,18628.42000000001,média,2017,2022,1952,inativa
817,12,12,7,85,PF,437.2888000000016,405.4100000000015,baixa,2016,2022,2542,inativa
818,13,13,7,85,PF,229.7789999999996,212.4999999999996,baixa,2022,2023,23,ativa
819,20,20,7,85,PF,50155.81220000001,49629.64000000001,média-alta,2021,2022,588,ativa
820,58,58,7,85,PF,55549.86299999999,57199.63,média-alta,2017,2022,1884,inativa
821,63,63,7,85,PF,2354.249400000002,2160.9900000000016,média-baixa,2019,2022,1360,inativa
822,91,91,7,85,PF,51889.378800000006,50612.740000000005,média-alta,2020,2022,1046,moderadamente-ativa
823,123,123,7,85,PF,308.1314,186.78999999999996,baixa,2021,2022,439,ativa
824,182,182,7,85,PF,6257.189999999998,6395.689999999998,média-baixa,2020,2022,785,moderadamente-ativa
825,273,273,7,85,PF,65.48850000000017,29.70000000000016,baixa,2020,2022,977,moderadamente-ativa
826,308,308,7,85,PF,28868.039600000007,26440.840000000007,média,2018,2022,1648,inativa
827,314,314,7,85,PF,19172.34800000001,17788.250000000007,média,2017,2022,2141,inativa
828,324,324,7,85,PF,123.13560000000156,103.13000000000146,baixa,2022,2022,353,ativa
829,335,335,7,85,PF,751.0650000000002,709.0100000000001,baixa,2022,2022,361,ativa
830,337,337,7,85,PF,36506.966399999976,37852.089999999975,média-alta,2017,2022,1974,inativa
831,338,338,7,85,PF,185276.1219,179836.58999999994,alta,2016,2022,2489,inativa
832,345,345,7,85,PF,11346.320999999994,10598.119999999995,média-baixa,2017,2022,1848,inativa
833,348,348,7,85,PF,51345.40359999999,48405.149999999994,média-alta,2018,2021,1313,inativa
834,367,367,7,85,PF,15067.750499999996,15142.779999999995,média,2015,2021,2269,inativa
835,369,369,7,85,PF,2372.7955999999986,2392.1399999999985,média-baixa,2022,2022,82,ativa
836,378,378,7,85,PF,1483.7993,1454.9899999999998,média-baixa,2018,2020,1016,moderadamente-ativa
837,384,384,7,85,PF,26811.230400000004,25982.42000000001,média,2022,2022,294,ativa
838,391,391,7,85,PF,221113.68240000005,215962.42000000004,alta,2020,2022,847,moderadamente-ativa
839,392,392,7,85,PF,4970.3188,4563.98,média-baixa,2015,2019,1367,inativa
840,396,396,7,85,PF,7540.1086,7091.650000000001,média-baixa,2021,2022,462,ativa
841,397,397,7,85,PF,40026.369599999976,36169.339999999975,média-alta,2018,2022,1538,inativa
842,409,409,7,85,PF,17764.6188,18283.47,média,2015,2021,1977,inativa
843,458,458,7,85,PF,55600.617600000034,57884.81000000004,média-alta,2017,2022,2006,inativa
844,463,463,7,85,PF,13633.897199999989,13891.759999999987,média,2017,2020,1316,inativa
845,465,465,7,85,PF,6002.172,6030.19,média-baixa,2017,2021,1418,inativa
846,469,469,7,85,PF,43152.17300000001,45107.740000000005,média-alta,2018,2022,1554,inativa
847,471,471,7,85,PF,592.7341000000001,529.5300000000002,baixa,2022,2022,70,ativa
848,483,483,7,85,PF,59749.5076,56176.70999999999,média-alta,2022,2022,68,ativa
849,502,502,7,85,PF,58387.6359,58427.81,média-alta,2021,2022,376,ativa
850,503,503,7,85,PF,5085.3528,5111.28,média-baixa,2020,2022,764,moderadamente-ativa
851,511,511,7,85,PF,36503.11349999998,38393.27999999998,média-alta,2018,2022,1502,inativa
852,522,522,7,85,PF,1004.8938000000004,377.69000000000045,baixa,2016,2021,1542,inativa
853,524,524,7,85,PF,75259.85160000004,70788.36000000003,média-alta,2019,2022,1153,moderadamente-ativa
854,609,609,7,85,PF,57623.745200000005,58782.09000000001,média-alta,2017,2021,1574,inativa
855,619,619,7,85,PF,11.71800000000019,789.1600000000002,baixa,2020,2022,779,moderadamente-ativa
856,675,675,7,85,PF,43784.879400000005,40696.79000000001,média-alta,2019,2022,1346,inativa
857,694,694,7,85,PF,137.4449999999996,98.6699999999996,baixa,2022,2022,266,ativa
858,696,696,7,85,PF,331.3232999999999,133.8899999999999,baixa,2021,2022,370,ativa
859,719,719,7,85,PF,13048.585500000005,13317.150000000003,média,2016,2019,1221,inativa
860,724,724,7,85,PF,1378.0013999999992,1349.5399999999993,média-baixa,2019,2022,1134,moderadamente-ativa
861,731,731,7,85,PF,857.7536999999984,512.9299999999985,baixa,2017,2022,1984,inativa
862,772,772,7,85,PF,53692.83720000001,50042.79,média-alta,2017,2021,1618,inativa
863,777,777,7,85,PF,1200.7610999999988,577.5899999999988,baixa,2022,2022,356,ativa
864,791,791,7,85,PF,5609.509200000006,4787.190000000005,média-baixa,2015,2022,2624,inativa
865,795,795,7,85,PF,100.63640000000024,51.65000000000024,baixa,2022,2022,307,ativa
866,806,806,7,85,PF,584.9799999999999,576.9599999999999,baixa,2018,2022,1702,inativa
867,811,811,7,85,PF,7630.793999999989,7722.449999999989,média-baixa,2018,2022,1479,inativa
868,812,812,7,85,PF,15943.420799999996,16354.829999999996,média,2018,2022,1344,inativa
869,823,823,7,85,PF,383.59260000000006,357.2700000000001,baixa,2022,2022,345,ativa
870,847,847,7,85,PF,84.56579999999992,35.29999999999993,baixa,2017,2022,1760,inativa
871,908,908,7,85,PF,121.06639999999992,146.4899999999999,baixa,2021,2022,636,moderadamente-ativa
872,933,933,7,85,PF,18663.66379999999,17579.48999999999,média,2015,2017,790,moderadamente-ativa
873,965,965,7,85,PF,321.1340000000006,411.6400000000005,baixa,2016,2022,2315,inativa
874,976,976,7,85,PF,68294.77199999997,64946.45999999996,média-alta,2015,2019,1428,inativa
875,32,32,7,86,PF,17618.68160000001,16884.65000000001,média,2017,2020,1025,moderadamente-ativa
876,88,88,7,86,PF,13428.2208,13974.82,média,2020,2022,813,moderadamente-ativa
877,99,99,7,86,PF,6519.999999999996,6492.199999999995,média-baixa,2017,2022,1903,inativa
878,101,101,7,86,PF,111513.0388,105076.54,alta,2018,2022,1515,inativa
879,121,121,7,86,PF,560.0920000000003,167.8500000000003,baixa,2021,2022,689,moderadamente-ativa
880,156,156,7,86,PF,77724.42,77618.77,média-alta,2018,2021,1091,moderadamente-ativa
881,184,184,7,86,PF,30326.432,31954.14,média,2018,2022,1509,inativa
882,194,194,7,86,PF,6724.231799999996,6042.249999999996,média-baixa,2016,2021,1819,inativa
883,214,214,7,86,PF,62.29860000000011,51.5600000000001,baixa,2017,2022,2095,inativa
884,219,219,7,86,PF,45527.321,46013.39,média-alta,2022,2022,316,ativa
885,236,236,7,86,PF,21089.260799999996,21928.039999999997,média,2020,2022,1038,moderadamente-ativa
886,268,268,7,86,PF,745.3471999999992,548.6799999999993,baixa,2016,2022,2115,inativa
887,282,282,7,86,PF,156.65500000000011,78.30000000000011,baixa,2017,2022,1914,inativa
888,287,287,7,86,PF,37008.84479999999,38511.37999999999,média-alta,2020,2022,892,moderadamente-ativa
889,305,305,7,86,PF,275.73900000000344,187.48000000000323,baixa,2021,2022,535,ativa
890,336,336,7,86,PF,5.061099999999716,33.559999999999725,baixa,2020,2022,803,moderadamente-ativa
891,344,344,7,86,PF,142.33570000000012,26.170000000000115,baixa,2022,2022,218,ativa
892,400,400,7,86,PF,27.315199999999887,9013.16,média-baixa,2018,2022,1713,inativa
893,401,401,7,86,PF,51461.899999999994,51296.899999999994,média-alta,2020,2022,597,ativa
894,403,403,7,86,PF,53898.489400000006,50265.66,média-alta,2020,2022,1017,moderadamente-ativa
895,404,404,7,86,PF,32344.56470000001,31038.090000000007,média,2022,2022,208,ativa
896,426,426,7,86,PF,152392.83460000012,139689.9400000001,alta,2022,2022,186,ativa
897,436,436,7,86,PF,8634.920499999997,9025.439999999999,média-baixa,2019,2022,1115,moderadamente-ativa
898,445,445,7,86,PF,9499.4237,7373.57,média-baixa,2019,2022,1168,moderadamente-ativa
899,470,470,7,86,PF,14772.137799999991,12201.819999999992,média,2016,2022,2278,inativa
900,474,474,7,86,PF,116.68480000000017,13.080000000000156,baixa,2020,2022,1082,moderadamente-ativa
901,563,563,7,86,PF,46720.60020000001,46232.240000000005,média-alta,2021,2022,538,ativa
902,569,569,7,86,PF,38.11599999999987,10.869999999999877,baixa,2016,2022,2225,inativa
903,583,583,7,86,PF,380.63339999999863,128.1699999999987,baixa,2020,2022,917,moderadamente-ativa
904,594,594,7,86,PF,1648.6179999999997,1131.0999999999997,média-baixa,2019,2022,1097,moderadamente-ativa
905,605,605,7,86,PF,50226.31019999999,49704.079999999994,média-alta,2022,2022,242,ativa
906,629,629,7,86,PF,4654.489299999994,4310.239999999993,média-baixa,2018,2022,1658,inativa
907,654,654,7,86,PF,48933.5008,46182.70999999999,média-alta,2019,2022,1315,inativa
908,665,665,7,86,PF,15668.516699999982,16088.409999999982,média,2019,2022,1114,moderadamente-ativa
909,669,669,7,86,PF,67205.88239999999,55598.11999999998,média-alta,2016,2020,1460,inativa
910,683,683,7,86,PF,4130.391,4337.7699999999995,média-baixa,2022,2022,299,ativa
911,707,707,7,86,PF,60833.22839999999,59617.24999999999,média-alta,2016,2019,813,moderadamente-ativa
912,748,748,7,86,PF,49285.00799999998,50788.54999999998,média-alta,2019,2022,1290,inativa
913,784,784,7,86,PF,373.39179999999993,331.30999999999995,baixa,2020,2022,885,moderadamente-ativa
914,788,788,7,86,PF,38.44049999999949,243.4099999999995,baixa,2021,2022,567,ativa
915,809,809,7,86,PF,901.6800000000003,568.8000000000004,baixa,2021,2022,590,ativa
916,816,816,7,86,PF,157.97099999999975,57.039999999999765,baixa,2017,2022,2075,inativa
917,835,835,7,86,PF,39400.281,38090.6,média-alta,2019,2022,1116,moderadamente-ativa
918,843,843,7,86,PF,11976.374200000002,11226.090000000002,média-baixa,2019,2021,693,moderadamente-ativa
919,854,854,7,86,PF,656.2534999999988,652.9399999999988,baixa,2017,2022,2086,inativa
920,859,859,7,86,PF,4935.646699999999,1943.3899999999996,média-baixa,2020,2022,787,moderadamente-ativa
921,867,867,7,86,PF,112726.72000000002,112686.21000000002,alta,2016,2019,882,moderadamente-ativa
922,885,885,7,86,PF,16065.413499999991,15859.55999999999,média,2018,2020,916,moderadamente-ativa
923,894,894,7,86,PF,39102.76400000001,36479.200000000004,média-alta,2019,2022,1237,inativa
924,901,901,7,86,PF,18.920999999999605,310.44999999999965,baixa,2020,2022,1076,moderadamente-ativa
925,907,907,7,86,PF,4204.5822,4444.39,média-baixa,2022,2022,151,ativa
926,921,921,7,86,PF,334.41099999999926,297.91999999999933,baixa,2021,2022,482,ativa
927,922,922,7,86,PF,38032.113,36903.26,média-alta,2022,2022,135,ativa
928,931,931,7,86,PF,16674.268300000003,16089.490000000002,média,2020,2022,837,moderadamente-ativa
929,949,949,7,86,PF,762.4986000000001,635.6200000000001,baixa,2016,2021,1998,inativa
930,961,961,7,86,PF,91464.29,91423.61,alta,2020,2022,960,moderadamente-ativa
931,962,962,7,86,PF,15163.9884,15247.75,média,2022,2022,163,ativa
932,978,978,7,86,PF,15455.424599999991,15291.839999999993,média,2022,2022,298,ativa
933,985,985,7,86,PF,24814.108,22495.77,média,2018,2021,1255,inativa
934,30,30,8,33,PF,129.65550000000292,957.1500000000026,média-baixa,2018,2022,1799,inativa
935,475,475,8,33,PF,82402.71200000001,82534.20000000001,média-alta,2020,2022,969,moderadamente-ativa
936,858,858,8,33,PF,628.7777999999875,297.1099999999872,baixa,2018,2022,1233,inativa
937,38,38,8,35,PF,31493.59359999999,31765.419999999987,média,2021,2022,494,ativa
938,125,125,8,35,PF,10863.58,12932.35,média,2019,2022,1361,inativa
939,428,428,8,35,PF,61602.48940000002,56521.820000000014,média-alta,2019,2022,1128,moderadamente-ativa
940,526,526,8,35,PF,37666.71999999998,37588.74999999998,média-alta,2018,2022,1565,inativa
941,869,869,8,35,PF,1807.3464999999983,1835.4199999999985,média-baixa,2021,2022,629,moderadamente-ativa
942,872,872,8,35,PF,74.70360000000004,55.00000000000002,baixa,2021,2022,713,moderadamente-ativa
943,120,120,8,40,PF,448.5199999999999,400.94999999999993,baixa,2021,2022,406,ativa
944,453,453,8,40,PF,20.25540000000043,218.06000000000049,baixa,2022,2022,349,ativa
945,918,918,8,40,PF,666.0990000000004,502.4600000000004,baixa,2020,2022,957,moderadamente-ativa
946,209,209,8,51,PF,21.629999999999875,8.359999999999875,baixa,2021,2022,690,moderadamente-ativa
947,407,407,8,51,PF,6002.910000000003,5776.050000000002,média-baixa,2019,2021,912,moderadamente-ativa
948,556,556,8,51,PF,165.01799999999125,1003.8599999999916,média-baixa,2020,2022,934,moderadamente-ativa
949,560,560,8,51,PF,40.79870000000036,17.210000000000328,baixa,2020,2022,880,moderadamente-ativa
950,950,950,8,51,PF,184.48649999999915,67.74999999999915,baixa,2020,2022,620,moderadamente-ativa
951,44,44,8,68,PF,26049.303000000007,24401.26000000001,média,2020,2022,789,moderadamente-ativa
952,639,639,8,68,PF,119106.68799999998,122899.56999999998,alta,2020,2022,946,moderadamente-ativa
953,736,736,8,68,PF,6682.741999999995,6102.1199999999935,média-baixa,2021,2022,418,ativa
954,825,825,8,68,PF,8502.879,7492.980000000001,média-baixa,2022,2022,246,ativa
955,69,69,8,80,PF,152.49599999999975,103.47999999999976,baixa,2019,2022,1160,moderadamente-ativa
956,288,288,8,80,PF,527.6039999999997,437.6999999999997,baixa,2018,2022,1544,inativa
957,359,359,8,80,PF,60095.906199999954,57983.03999999996,média-alta,2019,2022,1211,inativa
958,644,644,8,80,PF,651.2300000000004,610.8900000000003,baixa,2022,2022,54,ativa
959,693,693,8,80,PF,162.08850000000007,75.28000000000006,baixa,2020,2022,1073,moderadamente-ativa
960,743,743,8,80,PF,14112.220199999994,12225.509999999997,média,2019,2022,1333,inativa
961,50,50,8,94,PF,292.61900000000014,92.12000000000015,baixa,2021,2022,408,ativa
962,672,672,8,94,PF,15905.062000000002,14492.840000000002,média,2019,2022,1264,inativa
963,853,853,8,94,PF,232.55100000000024,223.73000000000027,baixa,2020,2022,769,moderadamente-ativa
964,253,253,9,1,PF,324.3887999999998,232.7799999999998,baixa,2022,2022,217,ativa
965,313,313,9,1,PF,4056.6615000000015,4254.340000000002,média-baixa,2022,2022,129,ativa
966,591,591,9,1,PF,20638.02760000001,19948.770000000008,média,2022,2022,225,ativa
967,793,793,9,1,PF,19031.0414,19194.430000000004,média,2020,2022,971,moderadamente-ativa
968,815,815,9,1,PF,174.39840000000137,124.26000000000138,baixa,2021,2022,556,ativa
969,111,111,9,11,PF,8803.3514,8911.519999999999,média-baixa,2021,2022,423,ativa
970,652,652,9,11,PF,88153.38399999996,80069.17999999996,média-alta,2020,2022,675,moderadamente-ativa
971,726,726,9,11,PF,6821.059199999999,7091.999999999998,média-baixa,2019,2022,1150,moderadamente-ativa
972,25,25,9,25,PF,9489.888800000013,9647.990000000014,média-baixa,2022,2022,116,ativa
973,132,132,9,25,PF,57046.99559999995,57686.21999999995,média-alta,2022,2022,134,ativa
974,585,585,9,25,PF,44649.386600000005,40913.97000000001,média-alta,2022,2022,71,ativa
975,96,96,9,38,PF,317.94879999999995,257.7499999999999,baixa,2022,2022,136,ativa
976,443,443,9,38,PF,470.7339999999994,383.6099999999995,baixa,2022,2022,360,ativa
977,713,713,9,38,PF,6769.575400000001,6828.530000000001,média-baixa,2019,2022,1176,moderadamente-ativa
978,66,66,9,39,PF,134.87439999999538,78.43999999999563,baixa,2021,2022,401,ativa
979,321,321,9,39,PF,706.2223000000002,444.63000000000017,baixa,2020,2022,979,moderadamente-ativa
980,916,916,9,39,PF,20401.1015,18537.45,média,2020,2022,1078,moderadamente-ativa
981,947,947,9,39,PF,36730.3761,37095.21,média-alta,2022,2022,119,ativa
982,10,10,9,75,PF,30742.0416,28682.48,média,2020,2022,787,moderadamente-ativa
983,34,34,9,75,PF,31583.455200000008,29187.790000000005,média,2022,2022,150,ativa
984,711,711,9,75,PF,342.77039999999977,235.75999999999976,baixa,2022,2023,28,ativa
985,278,278,9,90,PF,47525.720000000016,47220.720000000016,média-alta,2020,2022,986,moderadamente-ativa
986,512,512,9,90,PF,5687.065999999999,4791.859999999999,média-baixa,2020,2022,635,moderadamente-ativa
987,648,648,9,90,PF,5011.144200000004,4585.310000000004,média-baixa,2021,2022,520,ativa
988,904,904,9,90,PF,153177.78040000013,143607.0400000001,alta,2020,2022,743,moderadamente-ativa
989,41,41,9,91,PF,53.16300000000147,91.53000000000131,baixa,2020,2022,1036,moderadamente-ativa
990,79,79,9,91,PF,883.0500000000003,642.8000000000004,baixa,2022,2022,27,ativa
991,136,136,9,91,PF,34431.6049,32145.32,média,2021,2022,645,moderadamente-ativa
992,257,257,9,91,PF,2937.3320000000003,2641.36,média-baixa,2021,2022,589,ativa
993,770,770,9,91,PF,62511.09060000002,29401.580000000016,média,2022,2022,269,ativa
994,466,466,10,8,PF,7847.416500000007,9351.630000000006,média-baixa,2022,2022,65,ativa
995,764,764,10,8,PF,65495.187200000015,64823.140000000014,média-alta,2022,2022,112,ativa
996,488,488,10,18,PF,8663.608100000003,6836.5700000000015,média-baixa,2022,2022,167,ativa
997,395,395,10,95,PF,23156.206500000008,21578.33000000001,média,2022,2022,29,ativa
998,355,355,10,100,PF,10680.152400000004,10336.340000000002,média-baixa,2022,2022,68,ativa
