time,error_vector
08:02:33,0.002267373388785031
08:02:48,0.002216364945925874
08:03:03,0.0021869158691706727
08:03:18,0.002183146934330809
08:03:33,0.002174994404515252
08:03:48,0.0022117163138048487
08:04:03,0.002198329300945274
08:04:18,0.0021840382758229037
08:04:33,0.0022195933119362223
08:04:48,0.0022047518696021273
08:05:04,0.002181527290861786
08:05:19,0.0021932922437837682
08:05:34,0.0023594953784272002
08:05:49,0.0022875068221886088
08:06:05,0.0021566139947382643
08:06:20,0.002216703635856054
08:06:35,0.0022052886791209285
08:06:50,0.0021778061375595905
08:07:06,0.0022080003007741715
08:07:21,0.0022396511726969497
08:07:36,0.0022255134621077836
08:07:52,0.0022148182151992685
08:08:07,0.002177139095294735
08:08:22,0.0021710143972312173
08:08:38,0.0021969693090505378
08:08:53,0.002206218552152038
08:09:08,0.0022458151796091856
08:09:24,0.0021684646958575232
08:09:39,0.002207854402374813
08:09:54,0.0021714153614882637
08:10:10,0.002153704331545087
08:10:25,0.0022130693749678
08:10:40,0.002185183609527498
08:10:56,0.0022044497970160246
08:11:11,0.002227360454406365
08:11:27,0.002174387497771326
08:11:42,0.0021956682933160923
08:11:57,0.002223538273929117
08:12:13,0.002183661077571085
08:12:28,0.0021593560600424904
08:12:44,0.002158831052767869
08:12:59,0.0021309493116835336
08:13:15,0.00218373329237816
08:13:30,0.002229229241915931
08:13:46,0.002130870706979688
08:14:01,0.002199267415763718
08:14:17,0.0021876185751065432
08:14:32,0.0022216475487825196
08:14:48,0.0021618502766785007
08:15:03,0.0021914350052487427
08:15:19,0.002135148343048289
08:15:34,0.002154790777743171
08:15:50,0.0021396801637442097
08:16:06,0.0022281807406759617
08:16:21,0.002163665798683189
08:16:37,0.0021746521885088557
08:16:52,0.0021036871373868674
08:17:08,0.0021629526069291334
08:17:23,0.0021684516849463016
08:17:39,0.0022290788702024273
08:17:55,0.0021267121613456957
08:18:10,0.002147074001429634
08:18:26,0.0022093637909551805
08:18:41,0.0022126016158141994
08:18:57,0.002155909617321492
08:19:13,0.0022031655010541842
08:19:28,0.0021475964736154965
08:19:44,0.002123739830067842
08:20:00,0.002166733094844685
08:20:16,0.002188826671631364
08:20:31,0.002106533069328494
08:20:47,0.0021668543307272496
08:21:03,0.0021527389898194213
08:21:18,0.002202501419316181
08:21:34,0.002191079286056272
08:21:50,0.002101561384010936
08:22:05,0.0021373031505084188
08:22:21,0.0021671135048705135
08:22:37,0.002147303777801177
08:22:52,0.0021818672905980748
08:23:08,0.002244831534285215
08:23:24,0.0022163348526646072
08:23:39,0.0021251313754723083
08:23:54,0.0021123799612768083
08:24:09,0.002184154254979532
08:24:25,0.0021776847025258895
08:24:40,0.0021552845540062176
08:24:55,0.002147225631984249
08:25:11,0.00212939826828951
08:25:26,0.0021416574515275466
08:25:41,0.002164027162452056
08:25:56,0.002184033387280394
08:26:12,0.0021924566874833083
08:26:27,0.0021731200508051797
08:26:42,0.0022115039159874496
08:26:57,0.002206417654148652
08:27:13,0.002147033555868839
08:27:28,0.0021642123599053395
08:27:43,0.002172246236544637
08:27:58,0.0021455638333456525
08:28:14,0.002117474116900238
08:28:29,0.002151500358875226
08:28:44,0.002119438319765167
08:28:59,0.0020961843203871748
08:29:15,0.002117062888014507
08:29:30,0.002170892988427459
08:29:45,0.002142722067506906
08:30:00,0.002109729850564831
08:30:16,0.002148561940570194
08:30:31,0.002178821534208672
08:30:46,0.002150899900759654
08:31:02,0.0021085292613305367
08:31:17,0.0021395659990314036
08:31:32,0.0020869414611100986
08:31:47,0.0021500965414520414
08:32:03,0.002152392679159776
08:32:18,0.0021740916216932056
08:32:33,0.0021478338454047263
08:32:48,0.0021223219681339744
08:33:04,0.002132081701634707
08:33:19,0.0021668230577129824
08:33:34,0.002144389251975558
08:33:50,0.0021216253304367832
08:34:05,0.002127244031655038
08:34:20,0.00210680190125528
08:34:36,0.0021841777942100318
08:34:51,0.0021785234486778196
08:35:06,0.0021384591914213064
08:35:22,0.0022196148908783368
08:35:37,0.002097581743294702
08:35:52,0.0021469715990310345
08:36:08,0.002135826748973422
08:36:23,0.0021615249956621245
08:36:38,0.002212401114973939
08:36:54,0.0021508340150981965
08:37:09,0.0021727606601814704
08:37:24,0.0021378675758025553
08:37:40,0.0021383462503224942
08:37:55,0.0021621400266065177
08:38:11,0.0021128890377080044
08:38:26,0.002146443125503654
08:38:41,0.0020974910447488257
08:38:57,0.0022248818668469737
08:39:12,0.0021430540652687883
08:39:28,0.0021276229934179083
08:39:43,0.0021164495723297303
08:39:58,0.0021668321042961616
08:40:14,0.00208338945314563
08:40:29,0.002128341904180137
08:40:45,0.0021416144642642915
08:41:00,0.002156128776199652
08:41:15,0.0021441901181924994
08:41:31,0.0021269871076791133
08:41:46,0.0021140050380589878
08:42:02,0.0021209925122248055
08:42:17,0.0021918944726571125
08:42:32,0.002192023215634434
08:42:48,0.002159003599664312
08:43:03,0.002194489730194412
08:43:18,0.0021106780252745177
08:43:34,0.002165181831677674
08:43:49,0.002150143505902505
08:44:05,0.0021514890762187175
08:44:20,0.0021611752470720347
08:44:35,0.0021553644882451647
08:44:51,0.0021525138863254228
08:45:06,0.00216625371108418
08:45:22,0.002185149031236156
08:45:37,0.002223634399619831
08:45:53,0.002119754128541833
08:46:08,0.0021865203920104267
08:46:23,0.002158959983895058
08:46:39,0.002216812519260155
08:46:54,0.002128670993422625
08:47:10,0.002166539870074449
08:47:25,0.0021672074702106386
08:47:41,0.0021569320558713057
08:47:56,0.0021697023369550944
08:48:12,0.0021853259728416953
08:48:27,0.0021590044116356366
08:48:42,0.002188162853884122
08:48:58,0.0021955179122682116
08:49:13,0.0021809094541612914
08:49:29,0.0021436712426802407
08:49:44,0.0021864672347512394
08:50:00,0.002162546677646571
08:50:15,0.0021679949165293094
08:50:30,0.0021979678156337605
08:50:46,0.0021210571968889647
08:51:01,0.002160833600444976
08:51:16,0.002156759138137875
08:51:32,0.0021048183583467954
08:51:47,0.0020607188363233257
08:52:02,0.0021009192358347963
08:52:18,0.0021641601852996385
08:52:33,0.002088776279711383
08:52:48,0.002171171144238298
08:53:04,0.0021189887597931538
08:53:19,0.0021425132975509834
08:53:34,0.002137034876982437
08:53:50,0.002155852588161471
08:54:05,0.0021066138870318375
08:54:21,0.002191708772435546
08:54:36,0.002171852277749682
08:54:51,0.002140310132858563
08:55:06,0.0021800949130013542
08:55:22,0.002167042970705288
08:55:37,0.002131397874361519
08:55:52,0.0021074481822077303
08:56:08,0.0021319060681350872
08:56:23,0.0021284318457785983
08:56:38,0.002173072847219896
08:56:54,0.0021759010006406738
08:57:09,0.002184113429016774
08:57:24,0.0021964282613912618
08:57:40,0.0022403743739687703
08:57:55,0.002170727095336925
08:58:10,0.0021591212280578616
08:58:26,0.00215833517006656
08:58:41,0.002206647122882162
08:58:56,0.0020971440632046555
08:59:12,0.002131457714510451
08:59:27,0.0021426410873354052
08:59:42,0.0021905578854010664
08:59:58,0.002146578298285023
09:00:13,0.002180660238856726
09:00:28,0.002112915190267317
09:00:44,0.0021480177758026707
09:00:59,0.002155697874611762
09:01:15,0.0021801389709355753
09:01:30,0.0021655686653030454
09:01:45,0.00214571825753058
09:02:01,0.002176641353708916
09:02:16,0.0021761624485455108
09:02:31,0.0021808717243480434
09:02:47,0.002204671978736334
09:03:02,0.0022121144098074396
09:03:17,0.00216453751761355
09:03:33,0.002167889261065747
09:03:48,0.0021571538501713888
09:04:04,0.002168238605849104
09:04:19,0.002177052211640658
09:04:35,0.0021496465879051944
09:04:50,0.0021996950175323144
09:05:05,0.0021557037246051334
09:05:21,0.00215764182639899
09:05:36,0.0021785934283807045
09:05:52,0.002140292374820822
09:06:07,0.002197100949423587
09:06:23,0.0021798553565498193
09:06:38,0.0021577885364873098
09:06:54,0.002213655049352675
09:07:10,0.002140992990603925
09:07:26,0.0021467576955764966
09:07:43,0.0021985888221535185
09:07:58,0.0021262575695542327
09:08:14,0.0021217398878763897
09:08:29,0.0021694919872693418
09:08:45,0.002169884680023314
09:09:00,0.0021862117182380896
09:09:16,0.0021821453569174152
09:09:31,0.0021493742210689786
09:09:47,0.0021905696693217042
09:10:02,0.0022292903925089616
09:10:18,0.0021512552339538493
09:10:33,0.002176611718457278
09:10:49,0.0021765647331154735
09:11:04,0.00213405576917155
09:11:20,0.002186089185356387
09:11:35,0.002186636819325351
09:11:51,0.0022058983661224513
09:12:06,0.0021365380989333865
09:12:22,0.0021510272566566606
09:12:37,0.002099289304570163
09:12:53,0.002174252489289757
09:13:08,0.0020963954261040097
09:13:24,0.00211542145490085
09:13:39,0.002195969433833999
09:13:55,0.002108348027107717
09:14:10,0.0021843052335021687
09:14:26,0.002157554185719919
09:14:41,0.0021812292009658276
09:14:57,0.0021428805433271825
09:15:12,0.0021627380519419776
09:15:28,0.0021297736959707304
09:15:43,0.0021327542742608035
09:15:59,0.002151545851622664
09:16:14,0.0021549750173668
09:16:30,0.00211993145099935
09:16:45,0.0021634125274909615
09:17:01,0.002165029204490693
09:17:16,0.002193889035142245
09:17:32,0.0022366012701432276
09:17:47,0.0021708135737934487
09:18:03,0.00217724594657266
09:18:18,0.0021836791419953534
09:18:34,0.002015697514807532
09:18:49,0.002177733310350471
09:19:05,0.0021691406521549047
09:19:20,0.002099635871624767
09:19:36,0.0021232605017561797
09:19:51,0.0021757907583852755
09:20:07,0.002217556842165285
09:20:22,0.002164076089221477
09:20:38,0.002147748366358612
09:20:54,0.0021429708973294214
09:21:09,0.0022325112708875645
09:21:25,0.002155258661065702
09:21:40,0.002166532285527469
09:21:56,0.0021726535229270785
09:22:11,0.0021537271134341946
09:22:27,0.0021499532655627923
09:22:42,0.0021216020992461766
09:22:58,0.0021953950107762494
09:23:13,0.002120422725974875
09:23:29,0.002159337786020216
09:23:44,0.0021780578229029027
09:24:00,0.0021399674977718806
09:24:15,0.002241513032055505
09:24:31,0.002208073868598842
09:24:46,0.002177482367690875
09:25:02,0.002142698966073876
09:25:17,0.0021688900128405426
09:25:33,0.002175476312357535
09:25:48,0.002130940410851246
09:26:04,0.0021826415354038353
09:26:19,0.0021987692380428707
09:26:35,0.002109175781074382
09:26:51,0.002152655523864353
09:27:06,0.002111320214698493
09:27:22,0.002191408892739514
09:27:37,0.002154753889319185
09:27:53,0.002164527205224726
09:28:08,0.002161268190051735
09:28:24,0.002187674554158187
09:28:39,0.002162067782925569
09:28:55,0.002140073671852987
09:29:11,0.0020564828382843223
09:29:26,0.0021669865494751525
09:29:42,0.002132673430067546
09:29:57,0.002185404318658642
09:30:13,0.0021577334134588776
09:30:29,0.0021895903906274687
09:30:44,0.0021398766001765007
09:31:00,0.0021718083878876308
09:31:16,0.0021582489578687012
09:31:31,0.002125109421419775
09:31:47,0.0021669627192911914
09:32:03,0.0021302870256580094
09:32:18,0.002196240539941294
09:32:34,0.0020967281624875334
09:32:49,0.002178396266108175
09:33:05,0.0021361408508600794
09:33:21,0.0021804965224238113
09:33:36,0.00215318577299832
09:33:52,0.002168775616899661
09:34:08,0.0021529418589909563
09:34:23,0.002201325307976115
09:34:39,0.002113768925254014
09:34:55,0.0021493393796152057
09:35:10,0.002135140934309849
09:35:26,0.0021803430718768386
09:35:42,0.0021707761231432566
09:35:57,0.0021396753370812533
09:36:13,0.0021026561193875034
09:36:29,0.0021719928930397504
09:36:45,0.002217494557063074
09:37:00,0.002136805475506335
09:37:16,0.002163989212300397
09:37:32,0.002173055583418614
09:37:47,0.0021373726053901996
09:38:03,0.002162917475212464
09:38:19,0.0021018848759250443
09:38:35,0.0021062668411530386
09:38:50,0.002165850731494929
09:39:06,0.0021406730156165064
09:39:22,0.0020689182013503816
09:39:37,0.0020519447817972936
09:39:53,0.002184084572061331
09:40:09,0.0021789947832639963
09:40:24,0.002168610351346277
09:40:40,0.002114555894362541
09:40:56,0.0021724142943144735
09:41:12,0.002194948049502228
09:41:27,0.0021561396032874695
09:41:43,0.0021192658448100244
09:41:59,0.00218282394591926
09:42:14,0.0021440487761969374
09:42:30,0.002167405495717321
09:42:46,0.0021642944266945436
09:43:01,0.0021588208068043144
09:43:17,0.0021826945894986276
09:43:33,0.0021675303633624395
09:43:48,0.0020985196174093906
09:44:04,0.002178049575903007
09:44:20,0.002193067183181104
09:44:36,0.0022074623082295746
09:44:51,0.0021693617873724215
09:45:07,0.0021699182329632553
09:45:23,0.0021423411918741067
09:45:39,0.0021531175238372513
09:45:56,0.002166780157126071
09:46:13,0.0021744953971705714
09:46:30,0.0021885318639758536
09:46:46,0.002169267262962733
09:47:03,0.0021371103665462437
09:47:20,0.0021585704674933915
09:47:37,0.0021218766547566824
09:47:54,0.002186385649122533
09:48:11,0.0021964332164111718
09:48:28,0.0021940332643228294
09:48:44,0.00217683802705618
09:49:01,0.0021806872311634245
09:49:18,0.0021695454672894065
09:49:35,0.002166927132619276
09:49:52,0.002027555005801676
09:50:09,0.002122240114892775
09:50:26,0.002212444487264947
09:50:43,0.0021655312931759874
09:50:59,0.0021331862859624274
09:51:16,0.0021401487134942478
09:51:33,0.0021360298474976725
09:51:50,0.0021718660681080888
09:52:07,0.0021444470722982727
09:52:24,0.002180369355653171
09:52:41,0.0021704381350026664
09:52:58,0.002124888267254375
09:53:14,0.00206510140913416
09:53:31,0.002049802656528695
09:53:48,0.0021498250443832564
09:54:05,0.0021559270114577265
09:54:22,0.0021173982747288086
09:54:39,0.002128866911747326
09:54:56,0.0020338562120797155
09:55:13,0.00204552295779736
09:55:30,0.0021788564200695675
09:55:47,0.002178416136292925
09:56:04,0.002183731195142294
09:56:21,0.0022255014593001764
09:56:38,0.002190617271314707
09:56:55,0.0021418306694112464
09:57:12,0.0021923465622801716
09:57:29,0.0021716821958729046
09:57:46,0.002168067187735987
09:58:03,0.0021994985568072785
09:58:20,0.002181243113625451
09:58:37,0.002175935565153177
09:58:54,0.002184927401022487
09:59:11,0.002156700791430336
09:59:28,0.0021360518304205066
09:59:45,0.0021670919703761274
10:00:02,0.002163998448268747
10:00:18,0.0021755782317401844
10:00:36,0.002150517908860095
10:00:52,0.002065774065728329
10:01:09,0.002159187206631225
10:01:27,0.002178302782606033
10:01:44,0.0020798856278099556
10:02:01,0.0021700538201906267
10:02:18,0.00219047144890117
10:02:35,0.0021341757423834224
10:02:52,0.0021660875544939093
10:03:09,0.002187319407953154
10:03:26,0.0021614539846016847
10:03:43,0.0022096001692144796
10:04:00,0.002191028052847373
10:04:17,0.0022044643044179884
10:04:34,0.002203409377590538
10:04:51,0.0022252677110557333
10:05:08,0.0021739434485805384
10:05:25,0.002175119379258098
10:05:42,0.002164318818030602
10:05:59,0.0021641890509895615
10:06:16,0.0021920253574005295
10:06:33,0.00216927424293705
10:06:50,0.0022139041890056658
10:07:07,0.0021388486830612352
10:07:24,0.002177957912619822
10:07:41,0.002222383159033068
10:07:58,0.002139497869626309
10:08:15,0.0021509176836597946
10:08:33,0.0022382552347679887
10:08:49,0.0021389122622516685
10:09:07,0.002170927690950358
10:09:24,0.0021881643579849063
10:09:41,0.0021402779357379853
10:09:58,0.0021249196082032892
10:10:15,0.002169924059351742
10:10:32,0.002188817010933197
10:10:49,0.002180788636329443
10:11:06,0.002211563990992448
10:11:23,0.002204625042310548
10:11:41,0.0021045715720229997
10:11:58,0.002160691150694856
10:12:15,0.0021419609902665173
10:12:32,0.002166994935437791
10:12:49,0.0021920701063469503
10:13:07,0.002160566032041984
10:13:24,0.002183435693406225
10:13:41,0.002228061762761628
10:13:59,0.0021871666020946844
10:14:16,0.002202804777140054
10:14:33,0.0021566097792947276
10:14:50,0.0022122227225869315
10:15:08,0.002153892427649281
10:15:25,0.0021995496668734404
10:15:42,0.0021863009454618516
10:15:59,0.002174296604864475
10:16:17,0.00220908127873396
10:16:34,0.002182794412375043
10:16:51,0.0021578576611590967
10:17:08,0.00219416932342133
10:17:26,0.0020645831445667614
10:17:43,0.0021438365059509084
10:18:00,0.0021650702707886244
10:18:18,0.0021390642615837286
10:18:35,0.002113225726912175
10:18:52,0.0021246663153476324
10:19:09,0.002157499156354073
10:19:27,0.00213278857738616
10:19:44,0.002192726886923728
10:20:01,0.002160920599284669
10:20:19,0.002169024495872636
10:20:36,0.0021288429034981133
10:20:54,0.0021321331004290987
10:21:11,0.002127428829136232
10:21:28,0.0020620752368532154
10:21:46,0.0021634270617903635
10:22:03,0.0021470776273113607
10:22:20,0.0021537782362900776
10:22:38,0.0021896595878857267
10:22:55,0.0021191878439600063
10:23:12,0.0021781186484412
10:23:30,0.0021858044333086762
10:23:47,0.002116754162663899
10:24:04,0.002124329451755768
10:24:22,0.0021033239485967812
10:24:39,0.0021787477593008253
10:24:57,0.002190857879880654
10:25:14,0.002121452405179351
10:25:31,0.002166062315670499
10:25:49,0.002183919343732061
10:26:06,0.002172021983330462
10:26:23,0.0022144276254658936
10:26:41,0.0021003117031992966
10:26:58,0.002069785188935227
10:27:16,0.0021203014446333573
10:27:33,0.0021003433754048237
10:27:51,0.002183747365250808
10:28:08,0.0020993424955969018
10:28:26,0.0021185341927879063
10:28:43,0.0021175373757704205
10:29:01,0.0020934796333212866
10:29:18,0.0022125913007442427
10:29:36,0.0020380630661080805
10:29:53,0.002150641783235975
10:30:11,0.0021478501240179038
10:30:28,0.0021188274200623788
10:30:46,0.0021268853249587875
10:31:03,0.0021944479097915203
10:31:21,0.002149058317984281
10:31:38,0.0021311387635910024
10:31:55,0.002167941550053343
10:32:13,0.0021608087011201716
10:32:30,0.0021396914543301993
10:32:48,0.0021586346920674107
10:33:05,0.002177909166623216
10:33:22,0.002169159724489334
10:33:40,0.0021723736365490726
10:33:57,0.002136776228991216
10:34:15,0.002180766596623131
10:34:32,0.0022270125085540704
10:34:50,0.0022746600387367234
10:35:07,0.002188932717167688
10:35:25,0.0021629645356864946
10:35:43,0.0022259494839936356
10:36:00,0.002125548284033464
10:36:18,0.0020566042734421956
10:36:35,0.00220842791622873
10:36:53,0.0022376898557778103
10:37:10,0.0021173567895837755
10:37:28,0.0021360047963731132
10:37:46,0.002135738502152949
10:38:03,0.002164775917284124
10:38:21,0.002177263552401136
10:38:38,0.002123414266687609
10:38:56,0.0021600635515074103
10:39:14,0.0021776888127083
10:39:31,0.0023604175861267093
10:39:49,0.0021155418427804794
10:40:06,0.00207066720209388
10:40:24,0.002195095396130149
10:40:41,0.0022711587904428207
10:40:59,0.002117711197754278
10:41:16,0.002233963498408872
10:41:34,0.002119615966099572
10:41:51,0.002204902558290117
10:42:09,0.002131378023631565
10:42:27,0.0022728621499357874
10:42:45,0.0021733484328739926
10:43:03,0.002142213147355394
10:43:20,0.0021962157198731676
10:43:38,0.002137106941380593
10:43:56,0.0021033453838446626
10:44:13,0.002191130573163146
10:44:31,0.0021987429665073373
10:44:49,0.00223887544428687
10:45:07,0.0021649567747953837
10:45:24,0.0022075911919786765
10:45:42,0.002180111241928556
10:46:00,0.002198367815126377
10:46:17,0.0022239132155454687
10:46:35,0.002155949014630338
10:46:52,0.00215784824204736
10:47:10,0.002193457076951254
10:47:27,0.0021861596887000397
10:47:45,0.0022201308975149715
10:48:03,0.0022329309583212762
10:48:21,0.0022485636000070153
10:48:39,0.002211211843961833
10:48:56,0.002231943776443764
10:49:14,0.0021715346630185226
10:49:31,0.0021294304568126167
10:49:49,0.002156667699139305
10:50:06,0.002155882205892587
10:50:24,0.0021803452920175995
10:50:42,0.002098078719617764
10:51:00,0.002168053841128477
10:51:18,0.0021326107148678434
10:51:35,0.0020913218873301006
10:51:53,0.002305399474132805
10:52:11,0.0021049182611068075
10:52:29,0.0022195037822326904
10:52:47,0.002244009879667542
10:53:05,0.0021515549773209967
10:53:22,0.0021578434820071542
10:53:40,0.002145458993217134
10:53:58,0.002174176272845339
10:54:16,0.0021451728133601226
10:54:34,0.0021788197643461044
10:54:51,0.002209356110050588
10:55:09,0.002105055239223198
10:55:27,0.0021429150324376945
10:55:45,0.0021862966341850754
10:56:03,0.002276396691357824
10:56:21,0.0021432356816312244
10:56:39,0.002182622334960085
10:56:57,0.002133674822218293
10:57:15,0.0021264571314552343
10:57:33,0.002203763166736063
10:57:51,0.0022121800902930484
10:58:09,0.0022163022399984862
10:58:26,0.002170076192515613
10:58:44,0.002216039600994226
10:59:02,0.0022325534345174884
10:59:20,0.002192592148104944
10:59:37,0.0021544076018504567
10:59:55,0.0022332923008713678
11:00:13,0.0021935273426382956
11:00:31,0.002218066541120396
11:00:49,0.0021334676295232634
11:01:07,0.0021501587222580837
11:01:25,0.0021625422900347384
11:01:42,0.002207394694038035
11:02:00,0.0021295745776533518
11:02:18,0.0021305580395788205
11:02:36,0.002151121205540665
11:02:54,0.002169630298641591
11:03:12,0.0021507330532741335
11:03:30,0.002182286802967232
11:03:47,0.0021975428103781763
11:04:05,0.0022489427837461555
11:04:23,0.002183153703620514
11:04:41,0.0022097120777764888
11:04:58,0.0021634565069666082
11:05:16,0.0022574593511531815
11:05:34,0.0021319252166965693
11:05:52,0.002151337631211078
11:06:10,0.0021412685477325737
11:06:28,0.002201428782624529
11:06:46,0.00229390336449516
11:07:04,0.0022693987314494173
11:07:21,0.0021640525757670084
11:07:39,0.0022221960678049926
11:07:57,0.002173260212501195
11:08:15,0.00216069491661576
11:08:33,0.002206495336792074
11:08:51,0.0021471083779795687
11:09:09,0.00220052934955004
11:09:27,0.0022534633620281295
11:09:45,0.002168885404745556
11:10:03,0.0022531495383657407
11:10:21,0.002130480172343227
11:10:39,0.002143955069918086
11:10:57,0.0022158562379116903
11:11:15,0.002166887151428116
11:11:33,0.002142716377823674
11:11:51,0.0022257979924940525
11:12:09,0.0022432225581508623
11:12:27,0.0022335534032650707
11:12:45,0.002194688152815321
11:13:03,0.00230591227985844
11:13:21,0.0022312166837638384
11:13:39,0.002152054777453498
11:13:57,0.002208436375373076
11:14:15,0.0021524659786320167
11:14:33,0.0022019031524639116
11:14:51,0.0021663090739127565
11:15:09,0.0021404477788105666
11:15:27,0.0021639789821501303
11:15:45,0.0021901089570623587
11:16:03,0.002216697526074285
11:16:22,0.002165118101118135
11:16:40,0.0021054603375488955
11:16:58,0.0021222145476644926
11:17:16,0.0021816213832585233
11:17:34,0.0021019385269254705
11:17:53,0.0021288551990806207
11:18:11,0.0021562511761177537
11:18:29,0.00214437575781868
11:18:47,0.0021863957972741155
11:19:05,0.002171138423359514
11:19:23,0.0021489130463933836
11:19:42,0.002133733402096047
11:20:00,0.0022108485337841
11:20:18,0.0021641676674058036
11:20:36,0.0021496958207381967
11:20:54,0.002242311988875053
11:21:13,0.0022113298862538196
11:21:31,0.002260895565041527
11:21:49,0.002155876356757655
11:22:07,0.002190883226630841
11:22:25,0.0021392522777463913
11:22:44,0.0021442391951438182
11:23:02,0.0021382537595563446
11:23:20,0.0022422728828138186
11:23:39,0.0021182842072733853
11:23:57,0.0021518527039222552
11:24:15,0.0023137235926657803
11:24:33,0.0022052559691082938
11:24:51,0.0021286174121595944
11:25:09,0.0021627419060040944
11:25:28,0.0021631171088579977
11:25:46,0.002253011296182937
11:26:04,0.002169302734202246
11:26:23,0.0021913980586485684
11:26:41,0.002181533434292381
11:26:59,0.0021304341039008277
11:27:17,0.002236457132294719
11:27:36,0.002127760101938646
11:27:54,0.0021618069800684223
11:28:12,0.0021679587371831142
11:28:30,0.002170397413535857
11:28:49,0.0021196825131733535
11:29:07,0.002158680575154118
11:29:25,0.0022108167988415086
11:29:44,0.002189849579576517
11:30:02,0.0021200769737663616
11:30:20,0.002166284072122591
11:30:39,0.00218544097837505
11:30:57,0.0021105295675829866
11:31:16,0.0020993708272852318
11:31:34,0.0021560928602947908
11:31:52,0.002147703242725369
11:32:11,0.002195919152120964
11:32:29,0.0021083277527286946
11:32:47,0.0021037827405240906
11:33:06,0.0021542506492701705
11:33:24,0.002091326014699603
11:33:43,0.002141498037155492
11:34:01,0.002289214588406779
11:34:19,0.0021544446257541973
11:34:37,0.00216398927754732
11:34:56,0.002146836228905629
11:35:14,0.002132523107775727
11:35:32,0.0021849565266798612
11:35:51,0.0022158526142835727
11:36:09,0.0021644874927308146
11:36:27,0.0021495743450282343
11:36:46,0.0021957072100852195
11:37:04,0.0021918391097994236
11:37:23,0.0021617873268898803
11:37:41,0.0021821064172623944
11:38:00,0.0021613738423923463
11:38:18,0.0022338784593010715
11:38:37,0.002177431352506294
11:38:55,0.002181305474633636
11:39:13,0.002068716400739536
11:39:32,0.0021962928440364534
11:39:51,0.0021551121463339496
11:40:09,0.0021995300123558376
11:40:28,0.0021364246899604235
11:40:46,0.0021251621634340136
11:41:04,0.002157161334388621
11:41:23,0.0021599602241085206
11:41:42,0.002121287750735164
11:42:00,0.0021505545804506804
11:42:19,0.0021427449678365663
11:42:37,0.0021116837681158956
11:42:56,0.0022025537824819598
11:43:14,0.0021563215419499876
11:43:33,0.00211705849413145
11:43:51,0.002209436836509702
11:44:09,0.0021679408732035335
11:44:28,0.0021466565645794832
11:44:47,0.002202507895064566
11:45:06,0.0022259709089645463
11:45:24,0.0023182426381467727
11:45:43,0.0021885785980537515
11:46:01,0.002154355660100542
11:46:20,0.002182870044939118
11:46:38,0.002285244001333626
11:46:57,0.0022410406849110577
11:47:15,0.0021846910244871717
11:47:34,0.002239766680015206
11:47:53,0.002204170627368993
11:48:12,0.002170965115038648
11:48:30,0.0021544101796765113
11:48:49,0.00227213847418701
11:49:07,0.002215977325205912
11:49:26,0.0021669508749010725
11:49:45,0.0021191988819387487
11:50:03,0.002139372637213215
11:50:22,0.0021908006880194926
11:50:41,0.0022122916970487806
11:51:00,0.0022585590486371297
11:51:18,0.002252665362679943
11:51:37,0.002178525265311233
11:51:55,0.0021297231141249743
11:52:14,0.002252638824956229
11:52:33,0.0022256568699757042
11:52:51,0.002111612514209256
11:53:10,0.002216827802085423
11:53:28,0.002251088844500016
11:53:47,0.0021540895296214796
11:54:06,0.0022445603424557023
11:54:24,0.0021479133211013625
11:54:43,0.0021250487182468063
11:55:02,0.0022697159714715623
11:55:20,0.002171517537669838
11:55:39,0.002074850222809916
11:55:58,0.0022487218708871393
11:56:16,0.0022589108454161336
11:56:35,0.0019936508985458653
11:56:54,0.002192746926658415
11:57:13,0.002239034829165932
11:57:32,0.00213923098026395
11:57:50,0.0022785426610549176
11:58:09,0.0021648783573001143
11:58:28,0.0022226028993196437
11:58:46,0.0022356061726386974
11:59:05,0.0021276294398927605
11:59:23,0.002203790683372504
11:59:42,0.002238313123620311
12:00:00,0.0022186855258684453
12:00:20,0.0021674747943736614
12:00:38,0.002192932327909631
12:00:57,0.002145734829239497
12:01:15,0.0020925163748540232
12:01:34,0.0021752687594918203
12:01:53,0.0022232122227266557
12:02:11,0.0021517047065548107
12:02:30,0.0021838894183257894
12:02:49,0.002249042402081302
12:03:08,0.00222021424531438
12:03:26,0.0021385980340565876
12:03:45,0.0020880139151213625
12:04:04,0.0023002442178809467
12:04:22,0.0021765272043049733
12:04:40,0.002189632546360962
12:04:59,0.0022137996890561847
12:05:18,0.0020526991052124037
12:05:37,0.002152886677245714
12:05:56,0.00219488897095572
12:06:15,0.002172091039923332
12:06:34,0.0022555065287877497
12:06:52,0.0021853674882782205
12:07:11,0.0020850356188219774
12:07:30,0.002224554022783733
12:07:48,0.0021981713937931796
12:08:07,0.0021432884969165475
12:08:26,0.0022418185063145923
12:08:45,0.002173139326878718
12:09:04,0.002159601641449574
12:09:23,0.0022905818172909505
12:09:42,0.0021473534766755726
12:10:00,0.002146552867636278
12:10:19,0.002160213906509553
12:10:38,0.002190788446976711
12:10:56,0.002116518878560205
12:11:15,0.0022397948583606376
12:11:34,0.0021193989647190006
12:11:53,0.0021625102460513497
12:12:12,0.0021409872843717154
12:12:31,0.002190117287290129
12:12:50,0.002206146084677481
12:13:09,0.0022623265557436684
12:13:28,0.0022286014625658426
12:13:47,0.0021432837600232017
12:14:05,0.0022759650213787833
12:14:24,0.002274814589741036
12:14:43,0.002118793774333454
12:15:02,0.0022168995803077142
12:15:21,0.002134304167640502
12:15:40,0.0022493288172291217
12:15:59,0.0022217209671413986
12:16:18,0.002210088733558055
12:16:37,0.0021871987276859185
12:16:56,0.002206556815443542
12:17:14,0.0022788259033364095
12:17:33,0.002135381998312788
12:17:52,0.002161508849101983
12:18:10,0.0022218226643118317
12:18:29,0.002136740021748116
12:18:48,0.0021326202644571957
12:19:07,0.002275452430537982
12:19:25,0.0021894899175933912
12:19:44,0.002171194029506588
12:20:03,0.0022693098821623503
12:20:21,0.0021771669598145576
12:20:40,0.0021301386387359103
12:20:59,0.002198506341325898
12:21:18,0.002216029743702607
12:21:37,0.0022034051821126694
12:21:56,0.002159114314474426
12:22:15,0.0021312866020684533
12:22:34,0.0021458415776171875
12:22:53,0.0021209884963021702
12:23:12,0.0022491802997347994
12:23:30,0.0022557926641660737
12:23:50,0.0021663045747524323
12:24:09,0.0022337549466603093
12:24:28,0.0021325218270222914
12:24:47,0.002171055675604871
12:25:06,0.0022350923407401142
12:25:25,0.002134186911620975
12:25:44,0.002164398126170241
12:26:03,0.002220949137198837
12:26:22,0.0021447617451959004
12:26:41,0.0021250076617152624
12:27:00,0.002188072740102716
12:27:19,0.0022005998000796507
12:27:39,0.002059674225896771
12:27:58,0.0022384601075383765
12:28:17,0.002179334733887621
12:28:36,0.0021918170649239386
12:28:56,0.002207053570468108
12:29:14,0.0022225592638781895
12:29:33,0.0021979085046341237
12:29:53,0.0022630842488617167
12:30:12,0.0021173029089203805
12:30:31,0.0022237710437355406
12:30:50,0.0021865980738784655
12:31:09,0.0021472026422749224
12:31:28,0.002120235657022016
12:31:47,0.002234103473991314
12:32:07,0.0022357573074075895
12:32:26,0.002158361830076463
12:32:45,0.0022517027003671032
12:33:04,0.0023336304248574714
12:33:23,0.002190505924951961
12:33:43,0.0021176418314921286
12:34:02,0.0021476771473565117
12:34:21,0.002189609756884689
12:34:40,0.0021379008730440414
12:35:00,0.002148437183357042
12:35:19,0.0022181615976747207
12:35:38,0.002274628051000653
12:35:57,0.0022189005562736016
12:36:17,0.0021703318691282864
12:36:36,0.0021235536802254244
12:36:55,0.0021577424849794627
12:37:14,0.00218845851548691
12:37:33,0.002170817256017041
12:37:53,0.002234247565023632
12:38:12,0.0021955088076193903
12:38:31,0.0021710055601265495
12:38:50,0.002157134845196216
12:39:09,0.002122285519808734
12:39:29,0.0021696553990530622
12:39:48,0.002228010919560727
12:40:07,0.0021293069055663884
12:40:27,0.00224865540992254
12:40:46,0.0022862303483584534
12:41:05,0.002265073033716287
12:41:25,0.00214191895770556
12:41:44,0.0021584505224923303
12:42:04,0.002195065492578098
12:42:23,0.002140666624632629
12:42:42,0.0021317867300450263
12:43:02,0.0022465003317633076
12:43:21,0.0021049823150908593
12:43:41,0.0022371977102593446
12:44:00,0.0022389582537691087
12:44:20,0.0023070681622624563
12:44:39,0.00217800865553601
12:44:58,0.0022627000096608232
12:45:18,0.002240709139999832
12:45:37,0.0022753720218926243
12:45:56,0.002249712063539796
12:46:16,0.002261192191219129
12:46:35,0.0022305412753061645
12:46:54,0.002264780609979411
12:47:13,0.002277260727170309
12:47:33,0.002249870485790295
12:47:52,0.0021555169624507243
12:48:12,0.002266359691357117
12:48:31,0.0022506028998719005
12:48:51,0.0021789764405910953
12:49:10,0.002260189918060548
12:49:29,0.0021580481319980922
12:49:49,0.0020922062301801598
12:50:08,0.0022410352209462233
12:50:28,0.002245944934376504
12:50:47,0.002218432298565868
12:51:06,0.0022217415553049597
12:51:26,0.0022808950162020326
12:51:45,0.0021463871931706063
12:52:05,0.0021849110146857594
12:52:24,0.002197547671212566
12:52:44,0.0022269878889356475
12:53:03,0.002211696697451794
12:53:23,0.0022636475072055472
12:53:42,0.0022398954601189546
12:54:01,0.0021690954009873495
12:54:21,0.0021759695641687194
12:54:41,0.0022495507810355963
12:55:00,0.0022041924701729286
12:55:20,0.00225067550345301
12:55:39,0.002215918863668187
12:55:58,0.002204116067077676
12:56:18,0.002253614150304536
12:56:37,0.002185476211665506
12:56:57,0.002272204393990159
12:57:17,0.00217656813896389
12:57:36,0.0021996940688760037
12:57:55,0.002349081296755917
12:58:15,0.0022438085107321817
12:58:35,0.0021869294327682637
12:58:55,0.0022302203584850726
12:59:14,0.002287589179383448
12:59:34,0.002229378922487754
12:59:54,0.0023071631028803038
13:00:13,0.0022103031361815433
13:00:33,0.0022444998482763806
13:00:52,0.0021846658037683753
13:01:12,0.002307587332556947
13:01:31,0.0023232520774694606
13:01:50,0.0022649279734744863
13:02:10,0.002201765998098723
13:02:30,0.0022438542690204496
13:02:50,0.0022823909481080678
13:03:10,0.0022910831108214763
13:03:29,0.0022739548323161044
13:03:49,0.0023116712972360027
13:04:08,0.0022667601058258516
13:04:28,0.002249007062814656
13:04:47,0.002347797475985459
13:05:07,0.002241804923408687
13:05:26,0.0022252922826750915
13:05:46,0.0022944791605173983
13:06:05,0.002268180463429681
13:06:25,0.002249970406669781
13:06:44,0.0021944450988455903
13:07:04,0.00227214329420738
13:07:23,0.0022763025783082234
13:07:42,0.002265778650553931
13:08:02,0.0022998559383579716
13:08:22,0.002350995759384342
13:08:42,0.002204709732412388
13:09:01,0.002277003141750481
13:09:21,0.0022494167670779022
13:09:41,0.0023096319930792455
13:10:01,0.0022715913040565624
13:10:20,0.002302270096653886
13:10:40,0.0023065418286957943
13:11:00,0.002265271740670677
13:11:19,0.0021354438596208397
13:11:39,0.0022092895372515246
13:11:58,0.002149767248186269
13:12:18,0.0022026726736747125
13:12:38,0.002292111766713803
13:12:58,0.002277338071290851
13:13:17,0.0021954961825829318
13:13:37,0.0022848479480681782
13:13:57,0.002255211235296567
13:14:16,0.0021691791533706597
13:14:36,0.0023347592231885254
13:14:56,0.0022821399354449757
13:15:16,0.002229729368039566
13:15:35,0.0022840523197360783
13:15:55,0.0023216200643555876
13:16:14,0.0022215497671910687
13:16:34,0.002293007100152089
13:16:54,0.0023119809849203956
13:17:14,0.0023213546433520603
13:17:34,0.002297686236068903
13:17:53,0.0023400231756380676
13:18:13,0.0023218135281196186
13:18:33,0.002243687471295992
13:18:53,0.002398641826647554
13:19:13,0.002332879988991983
13:19:33,0.0023015478607850415
13:19:53,0.0023484334792670935
13:20:12,0.0022969056418170397
13:20:32,0.002316282474694969
13:20:52,0.002386588735041765
13:21:12,0.002326809540783495
13:21:32,0.002246954149052941
13:21:52,0.0022565659000620786
13:22:12,0.0022858060724182147
13:22:32,0.0022567763253975768
13:22:52,0.002219578050749799
13:23:12,0.0022028548367023933
13:23:32,0.0022459513428645457
13:23:52,0.0022542474958359995
13:24:11,0.0022840421349836606
13:24:31,0.0021952765204605183
13:24:51,0.0022531912625457728
13:25:11,0.0022807781003850933
13:25:31,0.0022725712665064932
13:25:51,0.002307573775985218
13:26:10,0.002264602439317949
13:26:30,0.0022636441427401175
13:26:50,0.002205387114700717
13:27:10,0.002295342939444463
13:27:30,0.002286257343554502
13:27:50,0.002234706807150203
13:28:09,0.002260507952152943
13:28:30,0.002300904486803142
13:28:50,0.0022454292630547283
13:29:10,0.002287285743186442
13:29:30,0.002279881667452835
13:29:51,0.0023250241406686345
13:30:11,0.002336720790820022
13:30:30,0.0022956895932043937
13:30:50,0.002251761467700427
13:31:10,0.0022550310614165734
13:31:30,0.0022346777508802174
13:31:50,0.0022686904332210743
13:32:10,0.0023275859141643203
13:32:30,0.002350164663734324
13:32:50,0.0022923271304537995
13:33:10,0.0023092356815614602
13:33:30,0.002281945740391227
13:33:50,0.0023081271781501735
13:34:10,0.0023311460985586067
13:34:30,0.002271277041927703
13:34:51,0.002313975358625816
13:35:10,0.002284594362314503
13:35:30,0.002303476179310808
13:35:50,0.00235822756261839
13:36:11,0.0023478051342676865
13:36:31,0.0023337514987580446
13:36:51,0.002351283252915853
13:37:11,0.0023407620267934513
13:37:31,0.002232620860458162
13:37:51,0.0023492443223937275
13:38:11,0.0023029641232087676
13:38:31,0.002238104690225888
13:38:51,0.002266625079803237
13:39:11,0.002356291388258814
13:39:31,0.002289654439174224
13:39:51,0.0023761011977215547
13:40:11,0.0023216634276587073
13:40:31,0.002310750379080819
13:40:51,0.0022545269054063044
13:41:11,0.0022401297610375745
13:41:31,0.002284953009091991
13:41:52,0.0023342024621542945
13:42:12,0.0022788047603402714
13:42:32,0.0023146207650580662
13:42:52,0.00225845961594925
13:43:12,0.002260238945473004
13:43:33,0.002319238561284448
13:43:53,0.0022872559314711855
13:44:13,0.0022756619514479625
13:44:34,0.0022736969681523504
13:44:54,0.002249631949386392
13:45:14,0.0022666242181726788
13:45:34,0.0022464849556377373
13:45:54,0.002239122010348268
13:46:14,0.0022703968510344725
13:46:37,0.0023343812502068344
13:46:57,0.0023135908528646968
13:47:14,0.0023261691013903127
13:47:32,0.0022999527936931755
13:47:50,0.0023438237348587633
13:48:07,0.002361187684917695
13:48:25,0.0022941355271538936
13:48:43,0.0022952781393306815
13:49:01,0.002284823686729911
13:49:18,0.0023198969940311696
13:49:36,0.002168556192124265
13:49:54,0.002214741325399987
13:50:12,0.0022030042521459727
13:50:35,0.002223190451949849
13:50:59,0.002140706466820129
13:51:23,0.00229096994316684
13:51:48,0.0021845913140564202
13:52:12,0.0022193015266502056
13:52:36,0.0022677593711496196
13:53:00,0.002287766544362611
13:53:25,0.002268221428194911
13:53:49,0.0022618979634921707
13:54:13,0.00218285983228599
13:54:37,0.0022218857746686732
13:55:02,0.0022722074660996403
13:55:26,0.002133455954260839
13:55:50,0.002199582514491856
13:56:15,0.002106537165142332
13:56:39,0.0021515696367694448
13:57:04,0.0021677589109728272
13:57:28,0.0022204534619647376
13:57:52,0.0022634105864193037
13:58:17,0.002212711427302209
13:58:41,0.0021134135259082663
13:59:05,0.002254384317976062
13:59:30,0.002279580027691957
13:59:54,0.0022027368590093843
14:00:19,0.0022253680873221765
14:00:43,0.0022434822649647153
14:01:08,0.002200526033249431
14:01:32,0.0022448602034443447
14:01:56,0.0022467328191985935
14:02:21,0.002194224821661258
14:02:45,0.0021409305297101933
14:03:10,0.0022402778172409764
14:03:34,0.0020946486693962374
14:03:59,0.0022718500804257673
14:04:23,0.002228166495052021
14:04:48,0.0022292959194523156
14:05:12,0.0022328774653098574
14:05:37,0.0021249723743657
14:06:01,0.0022763301701021923
14:06:26,0.002141505970087081
14:06:50,0.0021662672147574717
14:07:15,0.002301048098250462
14:07:39,0.0022785909273792537
14:08:03,0.0022744740401909125
14:08:28,0.0021990518476294302
14:08:53,0.0022563717400290173
14:09:17,0.002272686855236437
14:09:42,0.002223450468285849
14:10:06,0.002227601298116479
14:10:31,0.00223920207986566
14:10:56,0.002108283024623971
14:11:20,0.002140195158634274
14:11:45,0.002216863954873951
14:12:10,0.00216410288722231
14:12:34,0.002100096206469046
14:12:59,0.002158102528157572
14:13:23,0.0022740229184771595
14:13:48,0.0022795470935277396
14:14:13,0.0021900692637687224
14:14:37,0.0022557030438296174
14:15:02,0.0021820686013189227
14:15:27,0.002109932321519781
14:15:51,0.0022622061420584923
14:16:17,0.0022483626874829376
14:16:42,0.0020627443348855486
14:17:06,0.0021514891046883603
14:17:30,0.0022691506902226843
14:17:48,0.0023070169253372854
14:18:06,0.002267581142452773
14:18:25,0.0022836784303771904
14:18:45,0.0022553554068343246
14:19:03,0.00230943013484092
14:19:21,0.0022727503222062188
14:19:39,0.002254309366088043
14:19:57,0.002252799367459999
14:20:15,0.00215980569328808
14:20:33,0.002328254381165328
14:20:51,0.0022986267080559435
14:21:09,0.002306944387552376
14:21:27,0.0021974553479599014
14:21:45,0.0022771715287459495
14:22:03,0.002293608351767681
14:22:23,0.002227913882110117
14:22:48,0.002240839153471834
14:23:13,0.0021845764228463826
14:23:38,0.0022234100587211953
14:24:03,0.002233828278100672
14:24:28,0.0021466611561327203
14:24:53,0.002255317362017955
14:25:18,0.002250057136280482
14:25:43,0.0021553309629538755
14:26:09,0.002172143520496955
14:26:34,0.0021854069362848127
14:26:59,0.0022606378813216674
14:27:24,0.0021827441394979843
14:27:48,0.0021572650038898422
14:28:14,0.0022086734990531087
14:28:39,0.0022128360658707413
14:29:04,0.002256778071258588
14:29:29,0.0022634997968935346
14:29:54,0.0022099962695841125
14:30:20,0.0021717849431338206
14:30:45,0.002212065621579051
14:31:10,0.002203148817075096
14:31:35,0.0021803465636768744
14:32:00,0.002170445551794382
14:32:25,0.0022374809643568375
14:32:51,0.0022409137794781805
14:33:16,0.0021994812919927022
14:33:41,0.002137732906596667
14:34:06,0.0021988787675410923
14:34:31,0.002213568619263261
14:34:56,0.0021972244135492892
14:35:21,0.0021911494141418236
14:35:46,0.002256041462047121
14:36:11,0.00211233670559319
14:36:36,0.002148973114183586
14:37:01,0.002208478080821618
14:37:27,0.0022456885275965255
14:37:52,0.0022432942067363644
14:38:17,0.0021885669036118558
14:38:42,0.0021876534243708483
14:39:07,0.0022058224889461658
14:39:32,0.002244817804539117
14:39:57,0.0021797224217336764
14:40:23,0.002071960317060162
14:40:47,0.0020880099375054323
14:41:13,0.0021954457940668794
14:41:38,0.002253289411172425
14:42:03,0.0022371191516906332
14:42:28,0.0022258349790424867
14:42:54,0.002163392576350575
14:43:19,0.0022973911270203914
14:43:44,0.002076996667182107
14:44:09,0.0020725061178351696
14:44:35,0.00211959647336064
14:45:00,0.002181572744149603
14:45:25,0.002272339622043577
14:45:51,0.0022683994564901716
14:46:16,0.002231636242272389
14:46:42,0.0021383714076312764
14:47:07,0.002227903971559307
14:47:32,0.002160283251875225
14:47:57,0.0022562724268342963
14:48:23,0.0021055032866862805
14:48:48,0.0022634258373908757
14:49:13,0.0021821758515085526
14:49:38,0.0020609142422091976
14:49:59,0.0022532395008102463
14:50:20,0.0022748733393129538
14:50:38,0.002213364360808395
14:50:56,0.0022601064072583976
14:51:14,0.002286286159777804
14:51:32,0.0022344541644633777
14:51:50,0.0022832543099558364
14:52:08,0.002152535937658137
14:52:26,0.0022630557888050898
14:52:44,0.0022045514870478633
14:53:02,0.0023223596661394144
14:53:21,0.0022873421878552317
14:53:46,0.002152639383800416
14:54:12,0.002201239572192267
14:54:37,0.002275349887927614
14:55:03,0.0022026784423661984
14:55:28,0.0020514018381386106
14:55:54,0.0022246537781764586
14:56:19,0.002227703209605056
14:56:45,0.002091398762387898
14:57:11,0.0021114920695319457
14:57:37,0.0021666361261476605
14:58:02,0.0021236100322999333
14:58:28,0.0020805952499017275
14:58:54,0.0021856553205810937
14:59:19,0.0022498994538788387
14:59:44,0.002145070243023047
15:00:11,0.0021907648400806413
15:00:37,0.00216430056090909
15:01:02,0.0022035030916597274
15:01:28,0.002183134893271874
15:01:54,0.002123520895421372
15:02:20,0.0021931282396954223
15:02:45,0.002213500403083135
15:03:11,0.002260337854030099
15:03:38,0.0021714815785601736
15:04:04,0.0022161076471030883
15:04:30,0.002217680949913671
15:04:55,0.002159946831118643
15:05:21,0.0021595216514894637
15:05:47,0.0021898035519484957
15:06:13,0.0021036590785732923
15:06:39,0.0022506530663788547
15:07:05,0.0021670137738435827
15:07:31,0.00214296834824429
15:07:57,0.0021072279640538725
15:08:23,0.0021662539399733573
15:08:49,0.0022274414094717544
15:09:15,0.0021696395242122926
15:09:41,0.002238642017421172
15:10:07,0.002234676504022871
15:10:34,0.00220224452190427
15:11:00,0.0021184634253814385
15:11:26,0.002207690004480812
15:11:52,0.0022261980544016594
15:12:18,0.002166485721335953
15:12:44,0.0021549873844819737
15:13:10,0.0022255055360339807
15:13:36,0.0022215146269380834
15:14:02,0.002208260691406106
15:14:28,0.0022108030020163765
15:14:54,0.0021044057893349444
15:15:21,0.0021344178276823497
15:15:47,0.002148258749239099
15:16:13,0.002206987145526615
15:16:39,0.0021700947635377365
15:17:05,0.0021664027859387524
15:17:31,0.002146114821989375
15:17:57,0.00222124182838408
15:18:24,0.0021336279056688536
15:18:50,0.0021488590948642965
15:19:16,0.00208480441851331
15:19:42,0.002285682000331877
15:20:08,0.0021304624601304837
15:20:34,0.002153710850116821
15:21:01,0.0021412674562808318
15:21:26,0.002155407295353426
15:21:53,0.0021044410261223108
15:22:19,0.002145994312031368
15:22:45,0.0022348006663687886
15:23:11,0.002270459823991926
15:23:37,0.0021255244811393017
15:24:03,0.0021549731882051578
15:24:30,0.0021165155290659874
15:24:56,0.002138013013423385
15:25:22,0.002196990652304983
15:25:48,0.002204763054199041
15:26:14,0.0022285551064021017
15:26:41,0.0022991987125894403
15:27:07,0.0022058761170003624
15:27:34,0.0022479038827884932
15:28:00,0.002136570026656627
15:28:26,0.0022204889676284475
15:28:52,0.0021956187379284973
15:29:18,0.0022053902183692595
15:29:45,0.0022075598212437674
15:30:11,0.0021456429348055933
15:30:37,0.0022353110707565168
15:31:04,0.0021452756027165658
15:31:30,0.0022699306464635392
15:31:57,0.0021140370050949132
15:32:24,0.002195544052105157
15:32:50,0.0021796187597577905
15:33:16,0.0021613611365621952
15:33:42,0.002216336846926641
15:34:09,0.002104568282904042
15:34:35,0.0021261566621392394
15:35:01,0.002204316207976991
15:35:28,0.002166872535749173
15:35:55,0.002137169048702665
15:36:23,0.002173054668275146
15:36:49,0.002122304675127606
15:37:15,0.002110964087423644
15:37:42,0.0020609493459221866
15:38:08,0.0021093634314295552
15:38:34,0.002215739690398947
15:39:01,0.0021678823240952098
15:39:27,0.0020969884471278497
15:39:53,0.002189607344260393
15:40:20,0.0021799965126448454
15:40:46,0.002139325882479124
15:41:12,0.002234586884904013
15:41:39,0.0022007907072354753
15:42:05,0.0021599531423761556
15:42:32,0.0021723313113483026
15:42:58,0.002223815752568756
15:43:24,0.002144352699440489
15:43:51,0.0021804870634423252
15:44:18,0.002145345249211983
15:44:44,0.002128221466217748
15:45:11,0.0022220135728807803
15:45:38,0.0022045244211275888
15:46:05,0.00218864793072117
15:46:32,0.002151680899606438
15:46:58,0.002127515104599221
15:47:25,0.002136121153768641
15:47:51,0.0021645753355193083
15:48:18,0.0022306144259455563
15:48:45,0.0021980966624733722
15:49:11,0.0022455124628678676
15:49:38,0.002149669742606984
15:50:04,0.0020703325208309264
15:50:31,0.002188288503786717
15:50:57,0.0022209189648913913
15:51:24,0.0021634615285201796
15:51:50,0.002160605023121795
15:52:17,0.00213848108038669
15:52:44,0.002166984919923792
15:53:10,0.002183360330513953
15:53:38,0.0021516240935794467
15:54:04,0.0021752381122025774
15:54:31,0.0021332324172269315
15:54:57,0.0021324921750245154
15:55:24,0.002217474311172237
15:55:51,0.0021765479220614233
15:56:17,0.0021379861733913227
15:56:44,0.0021533690252565924
15:57:11,0.0021912138143815466
15:57:38,0.0022134946066117056
15:58:05,0.002070880214986713
15:58:31,0.0021651342290428723
15:58:58,0.002121158951035259
15:59:25,0.002094402287446122
15:59:52,0.002165505165895898
16:00:19,0.0021468236126505015
16:00:46,0.0021224979099420363
16:01:13,0.002245487922887032
16:01:40,0.0021802311174740382
16:02:07,0.002172250277311901
16:02:34,0.0021279610808298106
16:03:01,0.002105770156220374
16:03:28,0.0021814808221727543
16:03:55,0.00209235499630947
16:04:22,0.002218962101738391
16:04:49,0.0021865495109468364
16:05:16,0.0021762852605376687
16:05:43,0.0021314469443889233
16:06:10,0.002201751810786576
16:06:37,0.0021781340681748048
16:07:04,0.0021936015431572543
16:07:31,0.002141956725653403
16:07:58,0.0021024881144780937
16:08:25,0.002096142751491579
16:08:53,0.0021816742459462644
16:09:20,0.0021292897936305622
16:09:47,0.002184045036980009
16:10:14,0.002136503725127068
16:10:41,0.002132299205442371
16:11:08,0.0021550189402366002
16:11:35,0.002186896845132954
16:12:02,0.002125501992687796
16:12:29,0.0021171816809949727
16:12:57,0.0021997043424653276
16:13:24,0.0021620895520066095
16:13:51,0.0021358979069088543
16:14:18,0.0022050712263513086
16:14:45,0.002204609166022009
16:15:12,0.0020553067324993045
16:15:39,0.002237888839482185
16:16:07,0.0021676770038694883
16:16:34,0.0021080634984662248
16:17:01,0.002142952135705859
16:17:28,0.0020989340274144754
16:17:55,0.002211218274825533
16:18:23,0.002093301890542503
16:18:50,0.0021193781830502224
16:19:17,0.002180870775544195
16:19:45,0.0021347021083100155
16:20:12,0.0022122529486461218
16:20:39,0.002113710131783133
16:21:07,0.002142854939755329
16:21:34,0.002219628406692859
16:22:01,0.002177378946209815
16:22:29,0.0022001632834653994
16:22:56,0.0021265989734760905
16:23:23,0.002184457857952717
16:23:51,0.002184317646957177
16:24:18,0.0022378099543210322
16:24:45,0.0021132580065047145
16:25:13,0.002184212374142649
16:25:40,0.0021111234988319114
16:26:07,0.0020859910382373284
16:26:34,0.0022277108558512375
16:27:00,0.0023077173904616608
16:27:19,0.0022621790891307033
16:27:37,0.002263938531026592
16:27:56,0.002311713119683489
16:28:15,0.0022513382178710344
16:28:33,0.002190160189881387
16:28:52,0.0022785257611140546
16:29:10,0.0022383058024669656
16:29:29,0.0022094467324691573
16:29:48,0.0021880550436361008
16:30:06,0.0022289924906006985
16:30:25,0.0022634255815297535
16:30:44,0.0021425340998105264
16:31:02,0.002149414319897557
16:31:21,0.0021640123120545427
16:31:39,0.0022110549519559802
16:31:58,0.0023092129436199102
16:32:17,0.0022247802360130203
16:32:35,0.002240014822887829
16:32:54,0.002220643608769517
16:33:13,0.0022339250576834343
16:33:31,0.0022695135765279967
16:33:50,0.0021581378369472408
16:34:09,0.0022233208497129
16:34:28,0.002286729166178644
16:34:46,0.0021962420697676753
16:35:05,0.0022406288563567764
16:35:24,0.0021877012056544785
16:35:43,0.002244539106046382
16:36:01,0.002155869244740083
16:36:20,0.00220629393210223
16:36:39,0.002255936226523183
16:36:57,0.002267201611123447
16:37:16,0.002239789242086064
16:37:35,0.002231026813503143
16:37:53,0.002191523544500446
16:38:12,0.0022649768496789727
16:38:31,0.002197594589889653
16:38:49,0.0022560332522755145
16:39:08,0.00226035416641589
16:39:27,0.0023299630900525
16:39:46,0.0023336235928089343
16:40:05,0.002278978006534054
16:40:23,0.0022483809383181457
16:40:42,0.0022522967793733696
16:41:01,0.002137401424896917
16:41:20,0.0022301811838415725
16:41:39,0.002253315620108274
16:41:57,0.00229326038706794
16:42:16,0.0022420752936461266
16:42:35,0.002163169160823739
16:42:54,0.0021931755276006614
16:43:12,0.0022718635846430495
16:43:31,0.0021560022605517466
16:43:50,0.002257001160835548
16:44:09,0.002238364340508409
16:44:28,0.002256393654554996
16:44:47,0.002262114253117717
16:45:05,0.0023406848185758937
16:45:24,0.002268944958243329
16:45:43,0.0022706957905003727
16:46:02,0.0021523105164186207
16:46:21,0.002273356641724802
16:46:39,0.0022598946351521302
16:46:58,0.002125715185854566
16:47:17,0.0022366417510468204
16:47:36,0.0022728074038609455
16:47:55,0.0021900899527109684
16:48:14,0.0021737405429395175
16:48:32,0.0021812789958421826
16:48:51,0.0022436525438739824
16:49:10,0.002091772734768703
16:49:29,0.0021832393719031155
16:49:48,0.0022244519940662227
16:50:06,0.00215462223222799
16:50:25,0.002247494908027521
16:50:44,0.0022389018652227335
16:51:03,0.002257881993399625
16:51:23,0.002228894347014895
16:51:42,0.0022365656282889042
16:52:01,0.002279935542934166
16:52:19,0.00226269005942601
16:52:38,0.0021875332310845896
16:52:57,0.0022607936707887202
16:53:16,0.0022982183714096963
16:53:35,0.002283171761120927
16:53:54,0.002164143429592334
16:54:19,0.002183675466548932
16:54:38,0.002296954626257343
16:54:57,0.0021830478093456977
16:55:16,0.002199882712761873
16:55:35,0.002168769301361493
16:55:54,0.0022316414062142245
16:56:12,0.002313920218135585
16:56:31,0.0022504988656232103
16:56:50,0.002284774347346334
16:57:09,0.00216099495424044
16:57:28,0.002255875734838117
16:57:46,0.002192076601136347
16:58:05,0.0022778448126152873
16:58:24,0.002240382798575535
16:58:43,0.002251994318472713
16:59:02,0.002223955806333003
16:59:21,0.0021332740279048764
16:59:39,0.002253090177679898
16:59:58,0.0021637621205800677
